,Name,Gender
11,Aaden,male
10,Aaliyah,female
1,Aarav,male
29,Aaron,male
49,Ab,male
61,Abagail,female
17,Abb,male
2,Abbey,female
45,Abbie,male
7,Abbigail,female
51,Abbott,male
3,Abby,female
38,Abdiel,male
19,Abdul,male
24,Abdullah,male
47,Abe,male
32,Abel,male
41,Abelardo,male
5,Abie,male
14,Abigail,female
23,Abigale,female
42,Abigayle,female
88,Abner,male
34,Abraham,male
0,Abram,male
37,Abril,female
71,Ace,male
62,Acey,male
94,Achsah,female
43,Acie,male
27,Acy,male
18,Ada,male
79,Adah,female
60,Adalberto,male
89,Adaline,female
76,Adalyn,female
6,Adalynn,female
20,Adam,male
65,Adamaris,female
48,Adams,male
53,Adan,male
35,Add,male
25,Adda,female
8,Addie,male
81,Addison,male
12,Addisyn,female
46,Addyson,female
59,Adel,female
73,Adela,female
90,Adelaide,female
82,Adelard,male
77,Adelbert,male
66,Adele,female
21,Adelia,female
33,Adelina,female
52,Adeline,female
102,Adell,female
4,Adella,female
15,Adelle,female
93,Adelyn,female
28,Aden,male
16,Adilene,female
13,Adin,male
50,Adina,female
58,Adison,female
30,Aditya,male
80,Adlai,male
67,Adline,female
86,Admiral,male
72,Adolf,male
22,Adolfo,male
68,Adolph,male
75,Adolphus,male
36,Adonis,male
9,Adrain,male
83,Adria,female
39,Adrian,male
57,Adriana,female
26,Adriane,female
64,Adrianna,female
104,Adrianne,female
40,Adriel,male
44,Adrien,male
74,Adriene,female
54,Adrienne,female
96,Adron,male
63,Adyson,female
31,Aedan,male
87,Affie,female
84,Afton,female
85,Agatha,female
78,Aggie,female
69,Agnes,male
55,Agness,female
105,Agusta,female
56,Agustin,male
70,Agustus,male
99,Ah,male
95,Ahmad,male
92,Ahmed,male
91,Aida,female
98,Aidan,male
97,Aiden,male
103,Aidyn,male
100,Aileen,female
101,Ailene,female
107,Aili,female
109,Aimee,female
106,Ainsley,female
110,Aisha,female
108,Aiyana,female
111,Aja,female
114,Akeelah,female
115,Akeem,male
112,Akira,male
113,Al,male
118,Ala,female
116,Alabama,female
120,Alaina,female
117,Alan,male
119,Alana,female
121,Alani,female
123,Alanna,female
125,Alannah,female
124,Alanzo,male
122,Alayna,female
126,Alba,male
130,Albert,male
129,Alberta,female
127,Albertha,female
128,Albertina,female
132,Albertine,female
134,Alberto,male
133,Albertus,male
135,Albin,male
131,Albina,female
140,Albion,male
139,Alby,male
136,Alcee,male
138,Alcide,male
137,Alcie,female
142,Alda,female
141,Alden,male
145,Aldo,male
144,Aldona,female
143,Aleah,female
148,Alease,female
150,Alec,male
146,Alecia,female
147,Aleck,male
149,Aleen,female
151,Aleena,female
155,Alejandra,female
154,Alejandro,male
152,Alek,male
153,Alena,female
160,Alene,female
159,Alesha,female
158,Alesia,female
157,Alessandra,female
156,Alessandro,male
163,Aleta,female
162,Aletha,female
164,Alethea,female
161,Alex,male
165,Alexa,female
170,Alexande,male
168,Alexander,male
167,Alexandr,female
166,Alexandra,female
169,Alexandre,male
173,Alexandrea,female
174,Alexandria,female
175,Alexandro,male
171,Alexia,female
172,Alexina,female
178,Alexis,male
176,Alexus,female
180,Alexys,female
179,Alexzander,male
177,Alf,male
183,Alferd,male
185,Alfie,male
184,Alfonse,male
182,Alfonso,male
181,Alfonzo,male
186,Alford,male
187,Alfred,male
188,Alfreda,female
190,Alfredo,male
189,Alger,male
192,Algernon,male
194,Algie,male
195,Algot,male
191,Ali,male
193,Alia,female
197,Aliana,female
198,Alice,male
199,Alicia,female
196,Alida,female
200,Alijah,male
201,Alina,female
202,Aline,female
204,Alisa,female
205,Alisha,female
203,Alison,female
206,Alissa,female
207,Alisson,female
208,Alivia,female
212,Aliya,female
213,Aliyah,female
210,Aliza,female
209,Alize,female
214,Alla,female
215,Allan,male
211,Allean,female
216,Alleen,female
220,Allen,male
217,Allena,female
218,Allene,female
219,Allie,male
221,Alline,female
226,Allison,male
225,Allisson,female
223,Ally,female
222,Allyn,male
224,Allyson,female
230,Allyssa,female
229,Alma,male
228,Almeda,female
227,Almedia,female
231,Almer,male
233,Almeta,female
235,Almina,female
234,Almira,female
236,Almon,male
232,Almond,male
241,Almus,male
238,Almyra,female
240,Alois,male
239,Aloma,female
237,Alondra,female
246,Alonso,male
244,Alonza,male
243,Alonzo,male
245,Aloys,male
242,Aloysius,male
251,Alpha,male
248,Alpheus,male
249,Alphons,male
247,Alphonse,male
250,Alphonsine,female
256,Alphonso,male
252,Alphonsus,male
255,Alston,male
253,Alta,male
254,Altha,female
259,Althea,female
257,Altie,female
258,Alto,male
260,Alton,male
261,Alva,male
265,Alvah,male
262,Alvan,male
264,Alvaro,male
263,Alvena,female
266,Alver,male
271,Alvera,female
268,Alverda,female
270,Alverta,female
267,Alvia,male
269,Alvie,male
275,Alvin,male
272,Alvina,female
274,Alvira,female
273,Alvis,male
276,Alvy,male
279,Alwilda,female
278,Alwin,male
282,Alwina,female
277,Alwine,female
281,Alyce,female
284,Alycia,female
283,Alys,female
285,Alysa,female
280,Alyse,female
287,Alysha,female
286,Alysia,female
288,Alyson,female
293,Alyssa,female
289,Alyssia,female
290,Alyvia,female
295,Alzina,female
291,Ama,female
297,Amado,male
292,Amalia,female
296,Amalie,female
298,Amanda,male
299,Amani,female
300,Amara,female
294,Amare,male
305,Amari,male
303,Amarion,male
302,Amaris,female
304,Amasa,male
301,Amaya,female
309,Amber,female
310,Amberly,female
308,Ambers,male
306,Ambrose,male
307,Amelia,female
312,Amelie,female
315,America,female
313,Americo,male
311,Amerigo,male
314,Amey,female
318,Ami,female
316,Amiah,female
320,Amie,female
317,Amil,male
319,Amin,male
321,Amina,female
323,Amir,male
322,Amira,female
324,Amirah,female
325,Amit,male
329,Amiya,female
326,Amiyah,female
330,Amma,female
328,Ammie,female
327,Ammon,male
334,Amon,male
332,Amos,male
338,Amparo,female
335,Amy,male
331,Amya,female
341,Ana,female
333,Anabel,female
339,Anabella,female
336,Anabelle,female
337,Anahi,female
346,Anais,female
342,Ananias,male
344,Anastacia,female
343,Anastacio,male
340,Anastasia,female
349,Anatole,male
347,Anaya,female
350,Ancel,male
348,Ancil,male
345,Anders,male
353,Anderson,male
352,Andon,male
358,Andra,male
355,Andrae,male
351,Andre,male
359,Andrea,male
354,Andreas,male
363,Andres,male
357,Andrew,male
356,Andria,female
365,Andy,male
361,Anfernee,male
368,Angel,male
362,Angela,male
360,Angele,female
371,Angeles,female
364,Angelia,female
369,Angelic,female
367,Angelica,female
366,Angelina,female
375,Angeline,female
373,Angelique,female
377,Angelita,female
372,Angella,female
370,Angelo,male
381,Angie,female
378,Angus,male
380,Anibal,male
376,Anice,female
374,Anie,female
384,Anika,female
382,Anissa,female
388,Anita,female
379,Anitra,female
383,Aniya,female
387,Aniyah,female
389,Anjali,female
390,Anjanette,female
386,Anjelica,female
385,Ann,male
394,Anna,male
393,Annabel,female
395,Annabell,female
392,Annabella,female
391,Annabelle,female
397,Annalise,female
396,Annamae,female
399,Annamarie,female
398,Anne,female
400,Anneliese,female
405,Annemarie,female
401,Anner,female
402,Annetta,female
403,Annette,female
404,Annice,female
407,Annie,male
409,Annika,female
408,Annis,female
410,Annmarie,female
406,Anona,female
411,Ansel,male
412,Ansley,female
415,Anson,male
413,Anthoney,male
414,Anthony,male
417,Antione,male
418,Antionette,female
416,Antoine,male
420,Antoinette,female
419,Anton,male
423,Antone,male
421,Antonetta,female
422,Antonette,female
425,Antonia,male
424,Antonina,female
426,Antonio,male
429,Antony,male
427,Antwain,male
428,Antwan,male
430,Antwon,male
433,Anwar,male
431,Anya,female
432,April,female
435,Ara,female
434,Arabella,female
438,Araceli,female
440,Aracely,female
436,Arah,female
437,Araminta,female
439,Arba,male
445,Arbie,male
443,Arch,male
442,Archer,male
441,Archibald,male
444,Archie,male
448,Ardath,female
446,Ardelia,female
452,Ardell,male
447,Ardella,female
451,Ardelle,female
453,Arden,male
449,Ardeth,female
455,Ardis,female
454,Ardith,female
450,Ardyce,female
458,Areli,female
456,Arely,female
459,Aretha,female
457,Argie,female
460,Ari,male
465,Aria,female
462,Ariana,female
464,Ariane,female
461,Arianna,female
463,Aric,male
470,Arie,female
467,Ariel,male
469,Ariella,female
466,Arielle,female
468,Arietta,female
475,Arizona,female
473,Arjun,male
472,Arkie,female
471,Arla,female
474,Arlan,male
477,Arland,male
479,Arleen,female
478,Arlen,male
480,Arlena,female
476,Arlene,female
483,Arleth,female
482,Arletta,female
481,Arley,male
484,Arlie,male
485,Arlin,male
488,Arline,female
486,Arlington,male
487,Arlis,male
490,Arlo,male
489,Arly,female
495,Arlyn,male
494,Arlyne,female
492,Arman,male
491,Armand,male
493,Armando,male
499,Armani,male
496,Armida,female
497,Armin,male
498,Arminda,female
500,Arminta,female
503,Armond,male
505,Armstead,male
501,Arnav,male
502,Arne,male
504,Arnett,male
507,Arnetta,female
510,Arnie,male
509,Arno,male
506,Arnold,male
508,Arnoldo,male
513,Arnulfo,male
514,Aron,male
511,Arra,female
515,Arrie,female
512,Arron,male
519,Arsenio,male
520,Art,male
518,Arta,female
517,Artelia,female
516,Arther,male
522,Arthor,male
523,Arthur,male
521,Artie,male
525,Artis,male
524,Arturo,male
530,Arvel,male
528,Arvid,male
526,Arvil,male
527,Arvilla,female
531,Arvin,male
533,Arvo,male
532,Aryan,male
529,Aryana,female
534,Aryanna,female
535,Asa,male
539,Asberry,male
537,Asbury,male
536,Asha,female
540,Ashanti,female
538,Ashby,male
543,Ashely,female
541,Asher,male
542,Ashlea,female
544,Ashlee,female
545,Ashleigh,female
548,Ashley,male
546,Ashli,female
547,Ashlie,female
550,Ashly,female
551,Ashlyn,female
555,Ashlynn,female
552,Ashton,male
549,Ashtyn,female
554,Asia,female
553,Ason,female
558,Aspen,female
557,Assunta,female
556,Astrid,female
561,Atha,male
562,Athena,female
563,Atlas,male
560,Atticus,male
559,Attie,female
564,Attilio,male
567,Aubra,male
569,Aubree,female
566,Aubrey,male
565,Aubrie,female
568,Audie,male
572,Audley,male
576,Audra,female
570,Audrey,male
571,Audriana,female
578,Audrianna,female
575,Audrina,female
581,Audry,female
573,Audy,male
574,August,male
580,Augusta,male
582,Auguste,male
585,Augustin,male
579,Augustina,female
577,Augustine,male
587,Augustus,male
586,Aura,female
592,Aurelia,female
583,Aurelio,male
584,Aurilla,female
591,Aurora,female
590,Aurore,female
594,Aurthur,male
589,Austen,male
588,Austin,male
595,Auston,male
596,Austyn,male
599,Auther,male
597,Author,male
593,Authur,male
598,Autry,male
600,Autumn,female
603,Ava,female
604,Avah,female
602,Averi,female
601,Averie,female
605,Avery,male
608,Avie,female
609,Avis,female
610,Avon,male
606,Axel,male
607,Ayaan,male
612,Ayana,female
615,Ayanna,female
611,Aydan,male
613,Ayden,male
614,Aydin,male
616,Ayesha,female
619,Ayla,female
618,Aylin,female
620,Azalee,female
617,Azaria,female
621,Azul,female
622,Azzie,female
624,Babe,male
625,Babette,female
623,Baby,male
626,Babymale,male
631,Bailee,female
629,Bailey,male
628,Baker,male
627,Baldwin,male
630,Ballard,male
637,Bama,female
634,Bambi,female
632,Banks,male
636,Barb,female
638,Barbara,male
633,Barbie,female
639,Barbra,female
635,Barnard,male
640,Barnett,male
641,Barney,male
644,Barnie,male
643,Baron,male
642,Barrett,male
645,Barrie,male
646,Barron,male
650,Barry,male
652,Bart,male
647,Bartholomew,male
648,Bartley,male
649,Barton,male
653,Bascom,male
659,Basil,male
651,Baxter,male
656,Bayard,male
654,Baylee,female
657,Baylie,female
661,Bea,female
655,Beadie,female
660,Beatrice,male
658,Beatrix,female
663,Beatriz,female
666,Beau,male
662,Beaulah,female
665,Bebe,female
664,Beckett,male
668,Beckham,male
672,Beckie,female
667,Becky,female
670,Beda,female
671,Bedford,male
677,Bee,male
676,Beecher,male
669,Belen,female
675,Belia,female
673,Belinda,female
678,Bell,male
682,Bella,female
674,Belle,female
681,Belton,male
680,Belva,female
685,Ben,male
683,Bena,female
679,Benard,male
684,Benedict,male
686,Benita,female
691,Benito,male
690,Benjaman,male
687,Benjamen,male
689,Benjamin,male
692,Benjamine,male
695,Benji,male
697,Benjiman,male
688,Benjman,male
696,Bennett,male
693,Bennie,male
698,Benny,male
699,Benson,male
694,Bentley,male
700,Benton,male
702,Berdie,female
701,Berenice,female
705,Berkley,male
704,Berlin,male
703,Bernadette,female
709,Bernadine,female
708,Bernard,male
710,Bernardine,female
707,Bernardo,male
706,Berneice,female
711,Bernetta,female
715,Bernhard,male
714,Bernice,male
712,Bernie,male
713,Berniece,female
717,Bernita,female
718,Berry,male
720,Bert,male
719,Berta,female
716,Bertha,male
721,Bertie,male
724,Bertina,female
725,Berton,male
722,Bertram,male
723,Bertrand,male
730,Beryl,male
728,Bess,female
727,Besse,female
726,Bessie,male
729,Beth,female
731,Betha,female
733,Bethann,female
734,Bethany,female
732,Bethel,male
735,Bethzy,female
736,Betsey,female
737,Betsy,female
739,Bette,female
740,Bettie,female
738,Bettina,female
743,Betty,male
742,Bettye,female
745,Bettyjane,female
744,Bettylou,female
741,Beula,female
746,Beulah,male
750,Bev,female
748,Beverlee,female
752,Beverley,female
751,Beverly,male
753,Beyonce,female
747,Bianca,female
756,Biddie,female
749,Bilal,male
754,Bill,male
755,Billie,male
758,Billy,male
759,Billye,female
757,Bina,female
760,Bird,male
764,Birdella,female
763,Birdie,female
761,Birt,male
765,Birtha,female
762,Birtie,female
769,Bishop,male
767,Bjorn,male
768,Blain,male
771,Blaine,male
770,Blair,male
775,Blaise,male
766,Blake,male
773,Blanca,female
772,Blanch,female
774,Blanchard,male
778,Blanche,male
777,Blanchie,female
776,Blane,male
780,Blas,male
779,Blaze,male
784,Bliss,male
783,Blossom,female
781,Bluford,male
782,Bo,male
785,Bob,male
788,Bobbi,female
786,Bobbie,male
790,Bobby,male
787,Bobbye,female
789,Bode,male
792,Bolden,male
794,Bonita,female
791,Bonnie,male
793,Bonny,female
795,Booker,male
798,Boone,male
799,Boris,male
796,Bose,male
797,Boss,male
800,Boston,male
801,Bowman,male
803,Brad,male
804,Braden,male
805,Bradford,male
802,Bradley,male
807,Bradly,male
809,Brady,male
808,Bradyn,male
810,Braeden,male
806,Braedon,male
813,Braelyn,female
812,Braiden,male
816,Brain,male
815,Branch,male
811,Brandan,male
817,Brande,female
818,Brandee,female
819,Branden,male
820,Brandi,female
814,Brandie,female
821,Brandin,male
822,Brandon,male
823,Brandt,male
824,Brandy,male
825,Brandyn,male
826,Brannon,male
828,Branson,male
832,Brant,male
827,Brantley,male
831,Braulio,male
834,Braxton,male
829,Brayan,male
830,Brayden,male
833,Braydon,male
835,Braylen,male
839,Braylon,male
837,Brea,female
838,Breana,female
840,Breann,female
836,Breanna,female
845,Breanne,female
842,Bree,female
844,Brenda,male
841,Brendan,male
843,Brenden,male
849,Brendon,male
847,Brenna,female
850,Brennan,male
848,Brennen,male
846,Brennon,male
855,Brent,male
852,Brenton,male
854,Breonna,female
853,Bret,male
851,Brett,male
858,Bria,female
860,Brian,male
856,Briana,female
857,Brianda,female
859,Brianna,female
864,Brianne,female
865,Brice,male
863,Bridger,male
862,Bridget,female
861,Bridgett,female
869,Bridgette,female
868,Brielle,female
871,Brien,male
867,Brigette,female
866,Brigid,female
872,Brigitte,female
875,Briley,female
877,Brinda,female
873,Brion,male
870,Brionna,female
874,Brisa,female
879,Britany,female
880,Britney,female
878,Britni,female
876,Britny,female
883,Britt,male
885,Britta,female
886,Brittaney,female
882,Brittani,female
881,Brittanie,female
888,Brittany,male
890,Brittnay,female
892,Brittnee,female
884,Brittney,female
887,Brittni,female
889,Brittnie,female
896,Brittny,female
900,Britton,male
895,Brock,male
891,Broderick,male
893,Brodie,male
898,Brody,male
899,Brogan,male
897,Bronson,male
894,Brook,male
901,Brooke,female
902,Brooklyn,female
903,Brooklynn,female
905,Brooks,male
904,Brown,male
909,Bruce,male
907,Bruno,male
910,Bryan,male
908,Bryana,female
906,Bryanna,female
911,Bryant,male
916,Bryce,male
915,Brycen,male
912,Brylee,female
913,Bryn,female
914,Brynlee,female
918,Brynn,female
921,Bryon,male
920,Bryson,male
919,Bryton,male
917,Buck,male
926,Bud,male
923,Budd,male
924,Buddie,male
922,Buddy,male
925,Buel,male
929,Buelah,female
927,Buell,male
928,Buena,female
930,Buffy,female
931,Buford,male
937,Bula,female
935,Bulah,female
936,Buna,female
932,Bunk,male
933,Burdette,male
942,Buren,male
941,Burgess,male
938,Burk,male
934,Burke,male
939,Burl,male
943,Burleigh,male
947,Burley,male
944,Burnell,male
940,Burnett,male
945,Burney,male
952,Burnice,male
953,Burnie,male
948,Burns,male
946,Burr,male
950,Burrel,male
957,Burrell,male
958,Burt,male
951,Burton,male
949,Bush,male
954,Buster,male
963,Butch,male
964,Butler,male
959,Bynum,male
955,Byrd,male
960,Byrdie,female
969,Byron,male
968,Caddie,female
965,Cade,male
956,Caden,male
961,Cadence,female
976,Cael,male
973,Caesar,male
967,Caiden,male
962,Cailyn,female
970,Cain,male
981,Caitlin,female
977,Caitlyn,female
975,Caitlynn,female
966,Cal,male
972,Caldonia,female
984,Cale,male
982,Caleb,male
978,Caleigh,female
971,Calhoun,male
980,Cali,female
988,Calista,female
987,Calla,female
985,Callie,male
974,Callum,male
986,Calvin,male
993,Cam,male
991,Camden,male
992,Cameron,male
979,Cami,female
990,Camila,female
997,Camilla,female
995,Camille,male
996,Camisha,female
983,Cammie,female
994,Campbell,male
1000,Camren,male
999,Camron,male
998,Camryn,male
989,Candace,female
1002,Candi,female
1001,Candice,female
1004,Candida,female
1003,Candido,male
1005,Candis,female
1009,Candy,female
1007,Candyce,female
1010,Cannie,female
1008,Cannon,male
1006,Canyon,male
1014,Cap,male
1015,Capitola,female
1012,Cappie,female
1013,Caprice,female
1011,Captain,male
1020,Cara,female
1016,Caren,female
1018,Carey,male
1019,Cari,female
1017,Carie,female
1021,Carin,female
1025,Carina,female
1024,Carisa,female
1023,Carissa,female
1022,Carl,male
1028,Carla,female
1029,Carlee,female
1027,Carleen,female
1030,Carleigh,female
1026,Carlene,female
1033,Carleton,male
1034,Carley,female
1035,Carli,female
1031,Carlie,male
1032,Carlisle,male
1038,Carlo,male
1036,Carlos,male
1039,Carlota,female
1040,Carlotta,female
1037,Carlton,male
1041,Carly,female
1045,Carlyle,male
1042,Carlyn,female
1043,Carma,female
1044,Carmel,male
1046,Carmela,female
1048,Carmelita,female
1049,Carmella,female
1047,Carmelo,male
1050,Carmen,male
1054,Carmine,male
1052,Carnell,male
1055,Caro,female
1053,Carol,male
1051,Carolann,female
1057,Carole,female
1061,Carolee,female
1059,Carolina,female
1058,Caroline,male
1056,Carolyn,male
1066,Carolyne,female
1062,Carolynn,female
1064,Caron,female
1063,Carra,female
1060,Carri,female
1068,Carrie,male
1070,Carrol,male
1069,Carroll,male
1067,Carry,female
1065,Carsen,male
1072,Carson,male
1076,Carter,male
1074,Cary,male
1073,Caryl,female
1071,Caryn,female
1077,Cas,male
1079,Casandra,female
1078,Case,male
1081,Casey,male
1075,Cash,male
1082,Casie,female
1083,Casimer,male
1084,Casimir,male
1086,Casimiro,male
1080,Cason,male
1087,Casper,male
1088,Cass,male
1089,Cassandra,female
1092,Cassidy,male
1085,Cassie,male
1090,Cassius,male
1093,Cassondra,female
1095,Caswell,male
1097,Catalina,female
1091,Catharine,female
1096,Catherine,male
1098,Cathern,female
1099,Cathey,female
1100,Cathi,female
1094,Cathie,female
1105,Cathleen,female
1104,Cathrine,female
1103,Cathryn,female
1102,Cathy,female
1101,Catina,female
1107,Cato,male
1106,Catrina,female
1108,Cayden,male
1110,Cayla,female
1109,Caylee,female
1112,Ceasar,male
1111,Cecelia,female
1113,Cecil,male
1114,Cecile,female
1115,Cecilia,female
1117,Cecily,female
1118,Cedric,male
1119,Cedrick,male
1120,Ceil,female
1116,Celena,female
1122,Celesta,female
1125,Celeste,female
1124,Celestia,female
1121,Celestine,female
1123,Celestino,male
1130,Celia,female
1126,Celie,female
1128,Celina,female
1129,Celine,female
1127,Cena,female
1131,Ceola,female
1134,Cephus,male
1135,Cesar,male
1133,Ceylon,male
1132,Chace,male
1138,Chad,male
1139,Chadd,male
1136,Chadrick,male
1140,Chadwick,male
1137,Chaim,male
1143,Chaka,female
1144,Chalmer,male
1141,Chalmers,male
1145,Champ,male
1142,Chana,female
1150,Chance,male
1148,Chancey,male
1147,Chancy,male
1149,Chanda,female
1146,Chandler,male
1151,Chandra,female
1155,Chanel,female
1153,Chanelle,female
1152,Chaney,female
1154,Chanie,female
1157,Channie,female
1156,Channing,male
1160,Chantal,female
1159,Chante,female
1158,Chantel,female
1164,Chantelle,female
1161,Charissa,female
1162,Charisse,female
1165,Charity,female
1163,Charla,female
1168,Charle,male
1167,Charlee,female
1166,Charleen,female
1170,Charlene,female
1169,Charles,male
1174,Charley,male
1175,Charlie,male
1171,Charline,female
1172,Charlize,female
1173,Charlotta,female
1177,Charlotte,female
1176,Charlottie,female
1179,Charls,male
1180,Charlsie,female
1178,Charlton,male
1183,Charly,male
1186,Charmaine,female
1184,Charolette,female
1181,Chas,male
1182,Chase,male
1191,Chasity,female
1189,Chastity,female
1188,Chauncey,male
1185,Chauncy,male
1187,Chaya,female
1195,Chaz,male
1194,Che,male
1193,Chelsea,female
1190,Chelsey,female
1192,Chelsi,female
1198,Chelsie,female
1200,Chelsy,female
1199,Cher,female
1197,Cherelle,female
1196,Cheri,female
1205,Cherie,female
1201,Cherilyn,female
1203,Cherise,female
1202,Cherish,female
1204,Cherrelle,female
1208,Cherri,female
1209,Cherrie,female
1214,Cherry,female
1210,Cherryl,female
1206,Cheryl,male
1213,Cheryle,female
1215,Cheryll,female
1212,Chesley,male
1207,Chessie,female
1211,Chester,male
1217,Chestina,female
1219,Chet,male
1218,Cheyanne,female
1220,Cheyenne,male
1216,Chimere,female
1224,Chin,male
1222,China,female
1225,Chip,male
1221,Chiquita,female
1226,Chloe,female
1229,Chloie,female
1227,Chris,male
1231,Chrissie,female
1223,Chrissy,female
1228,Christ,male
1232,Christa,female
1235,Christal,female
1234,Christeen,female
1230,Christel,female
1233,Christen,female
1238,Christena,female
1240,Christene,female
1237,Christi,female
1236,Christian,male
1241,Christiana,female
1242,Christie,female
1247,Christin,female
1246,Christina,male
1239,Christine,female
1243,Christion,male
1244,Christop,male
1248,Christoper,male
1250,Christopher,male
1245,Christy,male
1249,Chrystal,female
1252,Chuck,male
1255,Chyna,female
1253,Chynna,female
1251,Ciara,female
1254,Ciarra,female
1258,Cicely,female
1262,Cicero,male
1261,Cielo,female
1256,Ciera,female
1257,Cierra,female
1260,Ciji,female
1266,Cilla,female
1263,Cinda,female
1259,Cindi,female
1265,Cindy,female
1264,Cinnamon,female
1271,Cinthia,female
1272,Citlali,female
1267,Citlalli,female
1268,Clabe,male
1269,Claiborne,male
1274,Clair,male
1277,Claire,male
1270,Clara,male
1273,Clarabelle,female
1276,Clarance,male
1282,Clare,male
1283,Clarence,male
1278,Claribel,female
1275,Clarice,female
1279,Clarinda,female
1288,Clarine,female
1285,Clarisa,female
1280,Clarissa,female
1281,Clark,male
1284,Clarke,male
1292,Clarnce,male
1293,Classie,female
1289,Claud,male
1286,Claude,male
1287,Claudette,female
1295,Claudia,female
1297,Claudie,male
1291,Claudine,female
1290,Claudio,male
1294,Claudius,male
1300,Claus,male
1299,Clay,male
1296,Clayton,male
1298,Clearence,male
1301,Cleave,male
1313,Cleda,female
1309,Clell,male
1307,Clella,female
1321,Clem,male
1314,Clemence,male
1312,Clemens,male
1310,Clement,male
1305,Clemente,male
1302,Clementina,female
1316,Clementine,female
1319,Clemie,female
1320,Clemma,female
1325,Clemmie,male
1311,Clemon,male
1317,Cleo,male
1324,Cleola,female
1331,Cleon,male
1318,Cleone,female
1308,Cleora,female
1327,Cleta,female
1330,Cletus,male
1303,Cleva,female
1326,Cleve,male
1323,Cleveland,male
1304,Clevie,female
1322,Clide,male
1328,Cliff,male
1315,Cliffie,female
1329,Clifford,male
1306,Clifton,male
1334,Clint,male
1335,Clinton,male
1336,Clive,male
1332,Cloe,female
1333,Clora,female
1341,Clotilda,female
1337,Clotilde,female
1340,Clovis,male
1338,Cloyd,male
1339,Clyda,female
1342,Clyde,male
1346,Clydie,female
1345,Clytie,female
1343,Coby,male
1344,Codey,male
1351,Codi,male
1348,Codie,male
1350,Cody,male
1347,Coen,male
1349,Cohen,male
1356,Colbert,male
1355,Colby,male
1353,Cole,male
1354,Coleen,female
1352,Coleman,male
1357,Coleton,male
1358,Coletta,female
1359,Colette,female
1360,Coley,male
1361,Colie,male
1365,Colin,male
1363,Colleen,female
1364,Collette,female
1362,Collie,male
1366,Collier,male
1368,Collin,male
1370,Collins,male
1371,Collis,male
1369,Colon,male
1367,Colonel,male
1372,Colt,male
1373,Colten,male
1374,Colter,male
1375,Colton,male
1376,Columbia,female
1377,Columbus,male
1381,Colvin,male
1380,Commodore,male
1379,Con,male
1378,Conard,male
1382,Concepcion,female
1385,Concetta,female
1383,Concha,female
1387,Conley,male
1384,Conner,male
1388,Connie,male
1386,Connor,male
1391,Conor,male
1390,Conrad,male
1389,Constance,female
1395,Constantine,male
1393,Consuela,female
1392,Consuelo,female
1396,Contina,female
1394,Conway,male
1400,Coolidge,male
1398,Cooper,male
1399,Cora,male
1397,Coraima,female
1401,Coral,female
1404,Coralie,female
1403,Corbett,male
1402,Corbin,male
1405,Corda,female
1408,Cordaro,male
1409,Cordelia,female
1406,Cordell,male
1410,Cordella,female
1407,Cordero,male
1412,Cordia,female
1413,Cordie,female
1411,Corean,female
1415,Corene,female
1414,Coretta,female
1417,Corey,male
1416,Cori,female
1419,Corie,female
1420,Corina,female
1418,Corine,female
1425,Corinna,female
1422,Corinne,female
1423,Corliss,female
1421,Cornel,male
1424,Cornelia,female
1426,Cornelious,male
1427,Cornelius,male
1428,Cornell,male
1430,Cornie,female
1429,Corrie,female
1434,Corrina,female
1435,Corrine,female
1436,Corry,male
1431,Cortez,male
1432,Cortney,male
1440,Corwin,male
1439,Cory,male
1437,Cosmo,male
1433,Coty,male
1438,Council,male
1444,Courtland,male
1443,Courtney,male
1442,Coy,male
1441,Craig,male
1445,Crawford,male
1449,Creed,male
1450,Creola,female
1447,Cressie,female
1446,Crete,female
1451,Cris,male
1455,Crissie,female
1453,Crissy,female
1452,Crista,female
1448,Cristal,female
1454,Cristen,female
1461,Cristi,female
1459,Cristian,male
1458,Cristin,female
1457,Cristina,female
1456,Cristine,female
1465,Cristobal,male
1462,Cristofer,male
1460,Cristopher,male
1464,Cristy,female
1463,Crockett,male
1466,Cruz,male
1468,Crysta,female
1467,Crystal,male
1469,Cuba,female
1470,Cullen,male
1473,Curley,male
1472,Curt,male
1471,Curtis,male
1475,Curtiss,male
1474,Cydney,female
1480,Cyndi,female
1477,Cyntha,female
1478,Cynthia,male
1479,Cyril,male
1476,Cyrus,male
1486,Dabney,male
1483,Dafne,female
1481,Dagmar,female
1485,Dagny,female
1484,Dahlia,female
1490,Daija,female
1487,Daijah,female
1482,Daisey,female
1491,Daisha,female
1489,Daisie,female
1493,Daisy,male
1488,Daisye,female
1492,Daja,female
1495,Dakoda,male
1494,Dakota,male
1496,Dakotah,male
1498,Dale,male
1499,Dalia,female
1497,Dallas,male
1500,Dallin,male
1505,Dalton,male
1501,Dalvin,male
1502,Damarcus,male
1503,Damari,male
1504,Damarion,male
1506,Damaris,female
1510,Dameon,male
1508,Damian,male
1509,Damien,male
1507,Damion,male
1517,Damon,male
1513,Damond,male
1512,Dan,male
1516,Dana,male
1511,Danae,female
1521,Dandre,male
1519,Dane,male
1514,Daneen,female
1520,Danelle,female
1515,Danette,female
1525,Dangelo,male
1523,Dani,female
1522,Dania,female
1524,Danial,male
1518,Danica,female
1530,Daniel,male
1528,Daniela,female
1527,Daniele,female
1529,Daniella,female
1526,Danielle,male
1537,Danika,female
1535,Danita,female
1532,Dann,male
1534,Danna,female
1531,Dannie,male
1543,Danniel,male
1538,Dannielle,female
1536,Danny,male
1540,Dante,male
1533,Danyel,female
1547,Danyell,female
1542,Danyelle,female
1539,Daphne,female
1544,Daquan,male
1541,Dara,female
1549,Darby,male
1545,Darci,female
1548,Darcie,female
1550,Darcy,male
1546,Darell,male
1558,Daren,male
1557,Daria,female
1552,Darian,male
1555,Dariana,female
1551,Darien,male
1562,Darin,male
1554,Dario,male
1553,Darion,male
1559,Darius,male
1556,Darl,male
1567,Darla,female
1564,Darleen,female
1561,Darlene,female
1563,Darline,female
1560,Darlyne,female
1573,Darnell,male
1568,Darold,male
1569,Daron,male
1566,Darrel,male
1565,Darrell,male
1579,Darren,male
1572,Darrian,male
1571,Darrick,male
1574,Darrien,male
1570,Darrin,male
1581,Darrion,male
1578,Darrius,male
1580,Darron,male
1575,Darry,male
1583,Darryl,male
1586,Darryle,male
1576,Darryll,male
1584,Darryn,male
1582,Darvin,male
1577,Darwin,male
1591,Darwyn,male
1589,Daryl,male
1587,Daryle,male
1585,Daryn,male
1588,Dashawn,male
1597,Dasia,female
1594,Daulton,male
1592,Daunte,male
1593,Davante,male
1590,Dave,male
1599,Davey,male
1598,Davian,male
1600,David,male
1595,Davie,male
1596,Davin,male
1602,Davina,female
1601,Davion,male
1605,Davis,male
1603,Davon,male
1604,Davonta,male
1609,Davonte,male
1606,Davy,male
1607,Dawn,female
1608,Dawna,female
1610,Dawne,female
1611,Dawson,male
1615,Dax,male
1613,Daxton,male
1614,Dayami,female
1612,Dayana,female
1616,Dayanara,female
1617,Dayle,female
1620,Dayna,female
1621,Dayne,male
1618,Dayse,female
1619,Dayton,male
1623,Deacon,male
1626,Dean,male
1627,Deana,female
1622,Deandra,female
1624,Deandre,male
1631,Deane,male
1628,Deangelo,male
1629,Deann,female
1625,Deanna,female
1630,Deanne,female
1633,Deante,male
1634,Deasia,female
1635,Deb,female
1632,Debbi,female
1636,Debbie,female
1640,Debbra,female
1641,Debby,female
1638,Debera,female
1637,Debi,female
1639,Debora,female
1644,Deborah,male
1643,Deborrah,female
1646,Debra,male
1642,Debrah,female
1647,Debroah,female
1653,Declan,male
1661,Dedra,female
1648,Dedric,male
1645,Dedrick,male
1656,Dee,male
1649,Deeann,female
1651,Deedee,female
1654,Deegan,male
1650,Deena,female
1657,Deetta,female
1662,Deforest,male
1659,Deidra,female
1652,Deidre,female
1655,Deion,male
1660,Deirdre,female
1664,Deja,female
1665,Dejah,female
1666,Dejon,male
1658,Dejuan,male
1667,Del,male
1669,Delaney,female
1668,Delano,male
1670,Delbert,male
1663,Delcie,female
1671,Delfina,female
1677,Delia,female
1672,Deliah,female
1674,Delila,female
1673,Delilah,female
1676,Delina,female
1682,Delinda,female
1678,Delisa,female
1680,Dell,male
1675,Della,male
1681,Dellar,female
1687,Delle,female
1683,Dellia,female
1684,Dellie,female
1679,Delma,male
1686,Delmar,male
1692,Delmas,male
1690,Delmer,male
1691,Delmus,male
1685,Delois,female
1688,Delora,female
1696,Delores,female
1694,Deloris,female
1693,Delos,male
1689,Delpha,female
1697,Delphia,female
1699,Delphin,male
1700,Delphine,female
1698,Delsie,female
1695,Delta,female
1701,Delton,male
1704,Delvin,male
1705,Delwin,male
1703,Dema,female
1702,Demarco,male
1710,Demarcus,male
1707,Demario,male
1709,Demarion,male
1706,Demetra,female
1708,Demetri,male
1712,Demetria,female
1711,Demetric,male
1713,Demetrios,male
1715,Demetrius,male
1714,Demi,female
1720,Demian,male
1717,Demond,male
1716,Demonte,male
1719,Dempsey,male
1718,Dena,female
1724,Deneen,female
1722,Denese,female
1725,Denice,female
1721,Denine,female
1723,Denis,male
1728,Denise,female
1727,Denisha,female
1730,Denisse,female
1726,Denita,female
1729,Dennie,male
1733,Dennis,male
1734,Denny,male
1731,Denton,male
1732,Denver,male
1735,Denzel,male
1740,Denzell,male
1737,Denzil,male
1736,Deon,male
1738,Deondre,male
1739,Deonta,male
1742,Deontae,male
1741,Deonte,male
1745,Dequan,male
1744,Derald,male
1743,Dereck,male
1748,Derek,male
1746,Dereon,male
1750,Deric,male
1749,Derick,male
1747,Derik,male
1751,Derl,male
1754,Deron,male
1755,Derrek,male
1753,Derrell,male
1752,Derrick,male
1759,Derwin,male
1758,Deryl,male
1756,Desean,male
1757,Deshaun,male
1760,Deshawn,male
1765,Desi,male
1761,Desirae,female
1762,Desiree,female
1764,Desmond,male
1763,Dessa,female
1769,Dessie,male
1767,Destany,female
1766,Destin,male
1768,Destinee,female
1770,Destiney,female
1773,Destini,female
1771,Destiny,female
1772,Destry,male
1774,Devan,male
1775,Devante,male
1780,Devaughn,male
1778,Deven,male
1776,Devin,male
1779,Devon,male
1777,Devonta,male
1782,Devontae,male
1785,Devonte,male
1783,Devyn,male
1781,Deward,male
1784,Dewayne,male
1786,Dewey,male
1789,Dewitt,male
1790,Dexter,male
1787,Deyanira,female
1788,Dezzie,female
1793,Diallo,male
1794,Diamond,male
1798,Dian,female
1791,Diana,female
1792,Diandra,female
1795,Diane,male
1796,Diann,female
1800,Dianna,female
1799,Dianne,female
1797,Dicie,female
1803,Dick,male
1806,Dickie,male
1804,Dicy,female
1802,Diego,male
1801,Dijon,male
1808,Dillan,male
1809,Dillard,male
1815,Dillie,female
1807,Dillion,male
1805,Dillon,male
1812,Dimitri,male
1814,Dimitrios,male
1817,Dimple,female
1811,Dina,female
1810,Dinah,female
1818,Dink,male
1828,Dino,male
1821,Dion,male
1819,Dione,female
1813,Dionicio,male
1822,Dionne,female
1834,Dionte,male
1824,Dirk,male
1825,Dixie,male
1816,Dixon,male
1829,Diya,female
1840,Djuana,female
1827,Djuna,female
1830,Doc,male
1820,Docia,female
1835,Dock,male
1841,Doctor,male
1833,Dola,female
1832,Doll,male
1823,Dollie,female
1837,Dolly,female
1846,Dollye,female
1838,Dolores,male
1839,Doloris,female
1826,Dolph,male
1844,Dolphus,male
1852,Domenic,male
1843,Domenica,female
1842,Domenick,male
1831,Domenico,male
1850,Dominga,female
1855,Domingo,male
1847,Dominic,male
1848,Dominick,male
1836,Dominik,male
1856,Dominique,male
1860,Dominque,male
1851,Domonique,male
1849,Don,male
1845,Dona,female
1863,Donaciano,male
1866,Donal,male
1857,Donald,male
1859,Donat,male
1853,Donato,male
1868,Donavan,male
1869,Donavon,male
1861,Dondre,male
1862,Donell,male
1854,Donia,female
1872,Donie,female
1873,Donita,female
1867,Donn,male
1864,Donna,male
1858,Donnell,male
1879,Donnie,male
1878,Donny,male
1874,Donovan,male
1871,Donta,male
1865,Dontae,male
1888,Donte,male
1887,Dora,male
1876,Dorathea,female
1877,Dorathy,female
1870,Dorcas,female
1886,Doreen,female
1890,Dorene,female
1882,Doretha,female
1880,Doretta,female
1875,Dori,female
1892,Dorian,male
1896,Dorinda,female
1883,Dorine,female
1885,Doris,male
1881,Dorla,female
1894,Dorman,male
1898,Dorotha,female
1891,Dorothea,female
1889,Dorothy,male
1884,Dorr,male
1899,Dorris,male
1900,Dorsey,male
1897,Dortha,female
1895,Dorthea,female
1893,Dorthey,female
1906,Dorthy,female
1904,Dosha,female
1901,Doshia,female
1902,Doshie,female
1903,Dosia,female
1914,Doss,male
1909,Dossie,female
1913,Dot,female
1905,Dottie,female
1908,Dotty,female
1929,Doug,male
1907,Douglas,male
1918,Douglass,male
1916,Dove,female
1910,Dovie,female
1937,Dow,male
1912,Doyle,male
1921,Dozier,male
1917,Drake,male
1911,Draven,male
1943,Drema,female
1919,Drew,male
1927,Drucilla,female
1925,Drury,male
1915,Drusilla,female
1948,Duane,male
1920,Duard,male
1930,Dudley,male
1933,Duff,male
1922,Duke,male
1952,Dulce,female
1926,Dulcie,female
1935,Duncan,male
1934,Durell,male
1924,Durrell,male
1955,Durward,male
1923,Durwood,male
1939,Dustan,male
1940,Dustin,male
1928,Dusty,male
1962,Duwayne,male
1931,Dwain,male
1944,Dwaine,male
1946,Dwan,female
1932,Dwane,male
1964,Dwayne,male
1936,Dwight,male
1949,Dwyane,male
1950,Dyan,female
1938,Dylan,male
1969,Dyllan,male
1941,Dylon,male
1954,Ean,male
1958,Earl,male
1942,Earle,male
1976,Earlean,female
1947,Earlene,female
1960,Earley,male
1959,Earlie,male
1945,Earline,female
1980,Early,male
1951,Earnest,male
1967,Earnestine,female
1970,Eartha,female
1953,Easter,female
1988,Easton,male
1957,Eathel,female
1972,Ebb,male
1974,Ebba,female
1956,Ebbie,male
1991,Eben,male
1961,Ebenezer,male
1975,Eber,male
1983,Ebert,male
1963,Eboni,female
1993,Ebony,female
1966,Echo,female
1979,Ed,male
1985,Eda,female
1965,Edd,male
1994,Eddie,male
1971,Eddy,male
1986,Eden,male
1989,Edgar,male
1968,Edgardo,male
1997,Edie,male
1978,Edison,male
1987,Edith,male
1992,Edla,female
1973,Edmon,male
1999,Edmond,male
1982,Edmonia,female
1990,Edmund,male
1996,Edna,male
1977,Ednah,female
1984,Edrie,female
1995,Edris,female
1998,Edsel,male
1981,Edson,male
