,Last_Name
0,Abbe
1,Acord
2,Acy
3,Adrien
4,Agard
5,Agee
6,Agen
7,Agent
9,Ager
10,Aguillard
11,Aguillon
12,Aide
13,Aime
14,Airoldi
15,Alarie
16,Alexandre
17,Alexis
18,Alice
19,Alix
20,Allaire
21,Allard
22,Alleman
23,Allemand
24,Alphonse
25,Altier
26,Amar
27,Ambroise
28,Amedee
29,Amiot
30,Amirault
31,Amy
32,Amyot
33,Ancar
34,Ancel
36,Ancelet
37,Anctil
38,Andre
39,Andrepont
40,Andry
41,Ange
43,Angelle
44,Anger
46,Angers
47,Angevine
48,Angier
49,Angles
50,Ansel
51,Antaya
52,Antin
53,Antoine
54,Arabie
55,Arcand
56,Arcement
57,Archambault
58,Archambeau
59,Archambeault
60,Ardoin
61,Ariail
62,Aries
63,Aris
64,Armand
65,Armel
66,Arnaud
67,Arnette
68,Arnoult
69,Arpin
71,Arquette
72,Arsenault
73,Arseneau
74,Arseneault
75,Artigue
76,Artis
77,Artus
78,Asselin
79,Aube
80,Aubel
81,Aubert
82,Aubertin
83,Aubin
84,Aubuchon
85,Auclair
86,Aucoin
88,Aude
90,Audibert
91,Auge
92,Auger
93,Auguste
94,Augustin
95,Aurand
96,Authement
97,Authier
98,Autin
99,Autry
101,Auxier
102,Auzenne
103,Ave
104,Avis
105,Avril
106,Aydelotte
107,Aymond
108,Ayon
109,Babel
110,Babin
111,Babineau
112,Babineaux
113,Bacha
114,Bachand
115,Bacot
116,Badeau
117,Badeaux
118,Badie
120,Badon
121,Badour
122,Bady
123,Baillargeon
124,Bailly
125,Bain
126,Baise
127,Baize
128,Bal
129,Balay
130,Ballin
131,Ballou
132,Balon
133,Bandemer
134,Banet
135,Banse
136,Banville
137,Baptiste
138,Bara
139,Barbe
141,Barbeau
144,Barbier
145,Barbin
146,Bard
149,Bardes
150,Bardin
151,Bardon
152,Bardy
153,Bargeron
154,Baribeau
155,Baril
156,Barineau
157,Barnes
158,Barnet
159,Barnette
160,Barnier
161,Barousse
162,Barrand
163,Barras
164,Barre
167,Barreau
168,Barrere
169,Barret
170,Barrier
171,Barriere
172,Barrineau
173,Barsalou
174,Barse
175,Barteau
176,Barthe
177,Barthelemy
178,Basile
179,Basque
180,Basse
181,Bassin
182,Bast
183,Bastarache
184,Bastien
185,Bastin
186,Baston
187,Bataille
188,Batiste
189,Baton
190,Batton
191,Bau
192,Baudhuin
193,Baudin
194,Baudoin
195,Bault
197,Baune
199,Baute
200,Baxa
201,Bayle
202,Bazil
203,Bazile
204,Bazin
207,Bazinet
208,Beal
209,Beau
210,Beaubien
211,Beaucage
212,Beauchemin
213,Beauchene
214,Beauchesne
215,Beaudet
216,Beaudin
217,Beaudoin
218,Beaudreau
219,Beaudrie
220,Beaudry
221,Beaulac
222,Beaulieu
223,Beaumier
224,Beauparlant
225,Beaupre
226,Beauregard
227,Beausoleil
228,Beauvais
229,Bebeau
230,Becotte
231,Bedard
232,Bedel
233,Befort
234,Beger
235,Begnaud
236,Begnoche
237,Begue
238,Beiriger
239,Belair
240,Belaire
241,Belan
242,Beland
243,Belanger
244,Belcourt
245,Belgard
246,Belgarde
247,Belhumeur
248,Belisle
249,Beliveau
250,Belizaire
251,Bellaire
252,Belland
253,Bellard
254,Bellavance
255,Belle
256,Belle-Isle
257,Belleau
260,Bellefeuille
261,Bellefleur
262,Bellerive
263,Bellerose
264,Bellet
265,Belleville
266,Bellin
267,Belliveau
268,Bellon
269,Beloin
270,Belot
271,Belrose
272,Belval
273,Belville
274,Belyeu
276,Benac
277,Benard
278,Bence
279,Beni
280,Benne
281,Benoit
282,Bense
283,Berard
284,Bercegeay
285,Bercier
286,Berge
288,Berger
289,Bergeron
290,Berges
291,Bergevin
292,Beringer
293,Berland
294,Bernardin
295,Bernardy
296,Bernas
297,Berne
298,Bernet
299,Berney
300,Bernier
301,Bernot
302,Beron
303,Berrett
304,Berrien
305,Berrier
306,Berry
307,Berte
308,Berteau
309,Bertel
310,Berthelot
311,Berthiaume
312,Bertin
313,Bertolet
314,Berton
315,Bertran
316,Berube
317,Besancon
318,Bessett
319,Bessette
320,Bessey
321,Bethune
322,Betit
323,Bettencourt
324,Bettinger
325,Bevard
326,Bevier
327,Beville
328,Bey
330,Bias
331,Bibeau
332,Bibeault
333,Bickert
334,Bien-Aime
335,Bienvenu
336,Bienvenue
337,Billadeau
338,Billard
340,Billeaud
341,Billet
345,Billey
346,Billiet
347,Billotte
349,Billy
350,Bilodeau
351,Binda
352,Biron
353,Birrer
354,Bisaillon
355,Bise
356,Bisset
357,Bissett
358,Bisson
361,Bissonette
362,Bistodeau
363,Bizier
364,Blache
365,Blais
366,Blaise
367,Blan
368,Blanc
369,Blanchard
370,Blanche
372,Blanchet
373,Blanchette
374,Bland
375,Blandin
376,Blasier
377,Bleau
378,Blier
379,Blois
380,Blond
381,Blondeau
382,Blondin
383,Blouin
384,Bloyer
385,Bobier
386,Boche
387,Bodin
388,Bodine
389,Body
390,Bohen
391,Boicourt
392,Boileau
393,Boire
394,Bois
395,Boisclair
396,Boisse
397,Boisseau
398,Boisselle
399,Boisvert
400,Boiter
401,Boivin
402,Bol
403,Bolduc
404,Bollard
405,Bollier
406,Bombard
407,Bombardier
408,Bon
410,Bonaventure
411,Bondurant
412,Bonenfant
413,Bonet
414,Bongard
415,Bonhomme
416,Bonifay
417,Bonin
418,Bonjour
419,Bonne
420,Bonneau
421,Bonnet
423,Bonneville
424,Bonney
425,Bonnin
426,Bonnot
427,Bonte
428,Bonus
429,Bonvillain
430,Bonville
431,Bordeau
433,Bordeaux
434,Bordeleau
435,Bordes
436,Bordon
437,Borel
439,Borgatti
440,Borie
441,Borne
442,Boron
443,Borra
444,Borre
445,Bos
446,Bosarge
447,Bose
448,Bosier
449,Bossard
451,Bossart
452,Bosse
454,Bossier
455,Bosson
456,Bost
457,Bouchard
460,Bouche
463,Boucher
464,Bouchey
465,Bouchie
466,Bouchillon
467,Boudinot
468,Boudoin
469,Boudrot
470,Bouffard
471,Bouillion
472,Bouillon
473,Boulais
474,Boulanger
475,Boulay
476,Boule
477,Boulet
478,Boulier
479,Bouquet
480,Bour
481,Bourbeau
482,Bourbon
483,Bourbonnais
484,Bourdage
485,Bourdon
486,Bourg
487,Bourgault
488,Bourgeois
489,Bourget
490,Bourgoin
491,Bourguignon
492,Bournival
493,Bourque
494,Bourquin
495,Bourret
497,Boutell
498,Boutet
499,Bouthillette
500,Bouthillier
501,Boutiette
502,Boutilier
503,Boutin
504,Bouton
508,Boutte
509,Bouvier
510,Bovee
511,Boy
512,Boyette
513,Boysel
514,Braband
515,Brais
516,Braley
517,Brallier
518,Bram
519,Brame
520,Branche
521,Brandon
522,Brasier
523,Brassard
527,Brassel
529,Brasseur
530,Braud
532,Brault
533,Bravard
534,Brave
535,Brazeau
536,Brazier
537,Breard
538,Breau
539,Breaud
540,Breault
541,Breaux
542,Breland
543,Breon
544,Bresett
545,Bresette
546,Bressan
547,Bresson
548,Breton
549,Brevard
550,Brian
552,Briand
553,Briant
554,Brice
555,Brideau
556,Brief
557,Brien
558,Briere
559,Brignac
560,Brillant
561,Brillon
562,Brin
563,Brindamour
564,Brisbois
565,Brissett
566,Brissette
567,Brisson
568,Broce
569,Brochu
570,Brodeur
571,Brossard
572,Brosseau
573,Brossette
574,Brouhard
575,Brouillard
576,Brouillet
577,Brouse
578,Brule
579,Bruley
580,Brun
581,Brune
582,Bruneau
583,Brunelle
584,Brunett
585,Brunette
586,Brunot
587,Brus
588,Brusse
591,Brussel
592,Brust
593,Bruyere
594,Bry
595,Brye
596,Buche
597,Bucher
598,Buis
599,Buisson
600,Buote
601,Bur
602,Burdett
603,Burdette
604,Burdin
605,Burditt
606,Bureau
607,Burel
608,Burgy
609,Burnet
610,Burnette
612,Buron
613,Bury
614,Bussiere
615,Buteau
618,Buysse
619,Cade
620,Cadieux
621,Cadoret
622,Cail
624,Caillier
625,Caillouet
626,Cain
627,Caine
628,Caisse
629,Caissie
630,Calais
631,Calaman
632,Calame
633,Cale
634,Cales
635,Calixte
636,Callais
637,Calland
638,Calle
639,Callier
641,Callies
642,Callon
643,Calman
644,Cambre
645,Cambron
647,Camille
648,Camp
649,Campeau
650,Camps
651,Camus
652,Can
653,Canard
654,Cancienne
655,Cane
656,Cange
657,Canion
658,Canipe
659,Cantillon
660,Cantin
663,Cantor
664,Cantrell
665,Cantrelle
666,Canuel
667,Cape
668,Capel
669,Capelle
670,Capistrant
671,Capon
672,Cappon
673,Capron
674,Carbine
675,Carbon
676,Carbonneau
677,Cardin
678,Cardon
680,Carel
681,Carignan
682,Cariveau
683,Carle
684,Carlier
685,Carlin
686,Carmel
687,Carmin
688,Carmouche
689,Carnal
690,Carne
692,Caron
693,Carpentier
694,Carre
695,Carreau
696,Carrel
697,Carrere
698,Carrie
699,Carrier
700,Carriere
701,Carriveau
702,Carron
703,Cart
704,Carte
705,Cartier
706,Carton
707,Carufel
708,Carville
709,Casavant
710,Casbon
711,Casimir
712,Cassin
713,Castile
714,Castille
715,Castonguay
716,Catherine
717,Cauchon
718,Cave
720,Caver
721,Cavin
722,Cay
723,Caye
724,Cayer
725,Cazes
726,Cazier
727,Cedotal
728,Celeste
729,Celestin
730,Cenac
731,Cerf
732,Cerise
733,Cerne
734,Cerny
735,Certain
736,Cessna
737,Chabot
740,Chachere
741,Chagnon
742,Chaille
743,Chain
744,Chalifour
745,Cham
746,Chamberlin
747,Champagne
748,Champeau
749,Champigny
750,Champlain
751,Champoux
753,Chancy
754,Chandonnet
755,Chaney
756,Chant
757,Chapdelaine
758,Chapel
759,Chapelle
761,Chapin
762,Chappelle
763,Chappuis
764,Chaput
765,Char
766,Charbonneau
767,Charbonnet
768,Chard
770,Charest
771,Charette
772,Charland
773,Charles
774,Charleson
775,Charlet
776,Charleville
777,Charley
778,Charlier
779,Charlot
780,Charney
781,Charon
782,Charpentier
783,Charrette
784,Charrier
785,Charron
786,Charter
787,Chartier
788,Charton
789,Chartrand
790,Charvet
791,Chasse
793,Chastain
794,Chastang
795,Chatagnier
796,Chateau
797,Chatel
798,Chaudoir
799,Chaumont
800,Chausse
802,Chaussee
803,Chauvette
804,Chauvin
805,Chavanne
806,Chavarin
807,Chayer
808,Chenard
809,Chenault
810,Chene
811,Chenevert
812,Cheney
813,Chenier
814,Chenot
815,Cherrier
816,Cherubin
817,Chery
818,Chesson
819,Chestang
820,Chevalier
821,Chevallier
822,Chevrette
823,Chevrier
824,Chez
825,Chiasson
826,Choiniere
827,Chopin
829,Choplin
830,Chouest
831,Chouinard
832,Chretien
833,Christophe
834,Cinq-Mars
835,Cisse
836,Cissna
837,Citron
838,Civil
839,Clabo
840,Clair
841,Claire
842,Clarin
843,Claud
844,Claude
845,Clavel
846,Claverie
847,Clavette
848,Clemence
849,Cler
850,Clerc
851,Clermont
852,Clos
853,Cloud
854,Clouthier
855,Cloutier
856,Clovis
857,Coard
858,Coderre
859,Coin
860,Colas
861,Colbert
862,Colin
863,Colle
864,Collet
865,Collette
866,Collignon
867,Colomb
868,Colombe
869,Comar
870,Combe
871,Combes
872,Comeau
873,Comes
874,Compas
875,Compere
876,Comte
878,Comtois
879,Conard
880,Constant
881,Constantin
882,Constantineau
883,Contant
884,Conte
886,Contee
887,Conter
888,Contois
889,Coppin
890,Corbeil
891,Corbin
892,Corby
893,Cordes
894,Cordier
895,Cordon
896,Cordonnier
897,Cormier
898,Corne
899,Corneau
900,Cornellier
901,Cornely
902,Cornet
904,Cornette
905,Cosse
907,Cossette
908,Coste
909,Coston
910,Cote
911,Cotey
912,Cotnoir
913,Cotta
914,Cotton
915,Cottrell
916,Coty
918,Coudriet
919,Couillard
920,Coulon
921,Courchesne
922,Courcy
923,Courier
924,Cournoyer
926,Courson
927,Courtemanche
928,Courter
929,Courtier
930,Courtois
931,Courville
932,Coury
933,Cousineau
934,Coutant
935,Couture
937,Couturier
938,Couvillion
939,Covin
940,Coyer
941,Credeur
942,Credit
943,Crepeau
944,Creque
945,Crespin
946,Cressy
947,Crete
948,Crevier
949,Crochet
950,Croissant
951,Cromer
952,Croteau
953,Crotteau
954,Cuny
955,Curie
956,Cuvelier
957,Cyr
958,Dagenais
959,Dages
960,Dague
961,Daignault
962,Daigneau
963,Daigneault
964,Daigre
965,Daigrepont
966,Dain
967,Daisley
968,Daisy
969,Dalin
970,Dallaire
971,Dally
972,Damas
973,Damboise
974,Dambrose
975,Dameron
976,Damery
977,Damian
978,Damien
979,Dandurand
980,Dane
981,Danger
984,Dangler
985,Danis
988,Danna
989,Danos
990,Dansereau
991,Dant
992,Dantin
993,Danton
994,Daoust
995,Daquin
996,Darbonne
997,Dardenne
998,Darensbourg
999,Dargis
1000,Darius
1001,Darney
1002,Daron
1004,Darville
1005,Daspit
1006,Daudelin
1007,Dault
1008,Dauphin
1009,Dauphinais
1010,Dauphine
1011,Dautel
1013,Dauterive
1014,Dauteuil
1015,Dautrich
1016,Dauzat
1017,Davault
1018,Daviau
1019,Davignon
1020,Davin
1021,Davolt
1022,Davy
1023,Dax
1024,De George
1025,De Grace
1026,De Gruy
1027,De Hay
1028,De la Grange
1029,De Lange
1030,De Leon
1031,De Rosier
1032,De Vincent
1033,Debar
1034,Debarge
1035,Debauche
1036,Debes
1037,Deblois
1038,Deboe
1039,Debois
1040,Debord
1042,Debrosse
1043,Debroux
1044,Debruler
1045,Debs
1046,Debus
1047,Decelle
1048,Decelles
1049,Dechambeau
1050,Dechant
1051,Dechene
1052,Decoste
1053,Decoux
1054,Decuir
1056,Dedeaux
1057,Defer
1058,Deforest
1059,Deforge
1060,Defrain
1061,Defrance
1062,Degan
1063,Deger
1064,Degrand
1065,Degrange
1066,Deguire
1067,Dejardin
1068,Dejarnatt
1069,Dejarnett
1070,Dejarnette
1071,Dejean
1072,Dejoie
1073,Delafosse
1074,Delagardelle
1075,Delage
1076,Delahoussaye
1077,Delaine
1079,Delane
1080,Delatte
1081,Delaune
1082,Delaurier
1083,Delavergne
1084,Delcambre
1085,Delcour
1086,Delfosse
1087,Delin
1088,Delise
1089,Delle
1090,Delles
1091,Dellis
1092,Deloge
1093,Delon
1094,Delong
1096,Delorge
1097,Delorme
1098,Delos
1099,Delva
1100,Delvaux
1101,Demain
1104,Demaine
1106,Deman
1107,Demanche
1108,Demange
1109,Demarais
1110,Demarest
1111,Demarr
1112,Demars
1113,Demay
1114,Demerchant
1115,Demers
1116,Demeuse
1117,Demey
1118,Demont
1119,Demontigny
1120,Demoranville
1121,Demore
1122,Demory
1124,Demotte
1125,Demoulin
1126,Denard
1127,Denault
1131,Deneau
1133,Deni
1134,Denier
1135,Denis
1136,Denise
1137,Denoyer
1138,Dentremont
1139,Denys
1140,Deon
1141,Depace
1142,Depas
1143,Depaul
1144,Derenne
1145,Derise
1146,Deroche
1147,Derouen
1148,Derouin
1149,Deroy
1150,Dery
1151,Desaulniers
1152,Desautel
1153,Desautels
1154,Deschamps
1155,Descoteaux
1156,Desforges
1157,Desfosses
1159,Deshaies
1160,Desilets
1161,Desir
1162,Desjardins
1163,Desjarlais
1164,Deslandes
1165,Deslatte
1166,Deslauriers
1167,Desmarais
1168,Desnoyers
1169,Desormeaux
1170,Desper
1171,Despres
1172,Desrochers
1173,Desroches
1174,Desrosiers
1175,Desruisseaux
1176,Desselle
1177,Dessert
1178,Destin
1179,Detemple
1180,Dethomas
1181,Detienne
1182,Devault
1183,Devaux
1184,Deveaux
1185,Devere
1186,Deville
1187,Devillers
1188,Devillier
1189,Devin
1190,Devore
1191,Deyo
1192,Deyoe
1193,Didier
1194,Didion
1195,Dieudonne
1196,Dilly
1197,Dimon
1198,Dine
1199,Dion
1200,Dionne
1201,Dobry
1202,Dodier
1203,Doiron
1204,Dole
1205,Doles
1206,Dolese
1207,Dolin
1208,Dolle
1209,Dome
1210,Domin
1211,Domine
1212,Dominique
1213,Don
1214,Donais
1215,Donze
1216,Dorais
1217,Dorau
1218,Dore
1219,Dorin
1220,Dorion
1221,Doris
1222,Dorland
1223,Dorminy
1224,Dorval
1225,Dosier
1226,Dostie
1227,Doucet
1228,Douget
1229,Douville
1231,Doyen
1232,Doyon
1233,Dozier
1234,Dozois
1235,Drago
1236,Dragon
1238,Drain
1240,Drapeau
1241,Drolet
1242,Drouhard
1243,Drouillard
1246,Drouin
1247,Dubas
1248,Dube
1249,Dubeau
1250,Dubel
1251,Dubie
1252,Dubin
1253,Dubois
1254,Dubon
1255,Dubord
1257,Dubray
1259,Dubreuil
1260,Dubroc
1262,Dubuc
1263,Dubuisson
1264,Dubuque
1265,Duby
1267,Ducas
1268,Ducasse
1269,Ducat
1270,Duchaine
1271,Duchamp
1272,Ducharme
1273,Duchateau
1274,Duchemin
1275,Duchene
1276,Duchesne
1277,Duchesneau
1278,Duchon
1280,Duclos
1281,Ducommun
1283,Ducote
1284,Ducre
1285,Duet
1287,Dufault
1288,Dufort
1289,Dufour
1290,Dufrene
1291,Dufresne
1292,Dugard
1293,Dugas
1294,Dugay
1295,Dugo
1296,Duguay
1299,Duhaime
1300,Duhamel
1301,Duhart
1302,Duhe
1304,Duhon
1305,Dujardin
1306,Dulac
1307,Dulin
1308,Dulong
1309,Dulude
1310,Dumaine
1311,Dumais
1312,Duman
1313,Dumesnil
1314,Dumond
1315,Dumont
1316,Dumouchel
1317,Dumoulin
1318,Duntz
1319,Dupere
1320,Dupin
1321,Duplantier
1322,Duplantis
1323,Duplechin
1324,Duplessis
1325,Dupont
1326,Dupre
1327,Duprey
1328,Dupuis
1330,Duque
1331,Duquette
1332,Duranceau
1333,Durant
1334,Duray
1337,Durban
1339,Durbin
1340,Durel
1341,Durette
1342,Durie
1343,Durio
1344,Duris
1345,Durivage
1346,Durocher
1347,Duron
1348,Dury
1350,Dusablon
1351,Dusch
1352,Dussault
1355,Dusseau
1356,Dusseault
1357,Dustin
1358,Dutil
1359,Dutoit
1361,Duval
1362,Duvernay
1363,Edin
1364,Edouard
1365,Elie
1366,Emard
1367,Emile
1368,Emond
1369,Enos
1370,Eppinette
1371,Erbland
1372,Eric
1373,Erny
1374,Eschete
1375,Espy
1376,Estel
1377,Estell
1378,Estelle
1379,Esther
1380,Ethier
1381,Etie
1382,Etienne
1383,Eugene
1384,Eury
1385,Eymard
1386,Faciane
1387,Facteau
1388,Fafard
1389,Fagnant
1390,Fagot
1391,Faile
1392,Faille
1396,Fain
1397,Faivre
1398,Faix
1399,Falgout
1400,Fanguy
1401,Faniel
1402,Faron
1403,Faubert
1404,Faucheux
1405,Faudree
1406,Fauquier
1407,Faurot
1408,Faustin
1409,Fauteux
1410,Faux
1411,Favier
1412,Favret
1413,Favro
1414,Fecteau
1415,Fenelon
1416,Feret
1417,Fermin
1418,Ferrand
1419,Ferron
1420,Fier
1421,Figard
1422,Filiatrault
1423,Fillion
1424,Fils
1425,Fils-Aime
1426,Filteau
1427,Flagel
1428,Flamand
1429,Flammang
1430,Fleury
1434,Florance
1435,Flournoy
1436,Fluet
1437,Fonder
1438,Fontenette
1439,Fontenot
1440,Fonville
1441,Forand
1442,Force
1443,Forcey
1444,Forcier
1445,Forestier
1446,Foret
1447,Forget
1448,Forquer
1449,Fortier
1452,Fortin
1453,Forton
1454,Fortune
1455,Fossett
1456,Foucault
1457,Fouch
1458,Fouche
1459,Fougere
1460,Fouquet
1461,Fournet
1462,Fournier
1463,Foy
1465,Foye
1467,Frachiseur
1468,Fradette
1469,Frain
1470,Fralin
1471,Franc
1473,France
1474,Francoeur
1475,Francois
1476,Frappier
1477,Frater
1478,Fray
1480,Frederic
1481,Fredette
1482,Fregeau
1483,Fremin
1484,Fremont
1485,Frenier
1486,Frere
1487,Freson
1488,Friant
1489,Frigon
1490,Friloux
1491,Frison
1492,Frisque
1493,Fron
1494,Fruge
1495,Fruit
1496,Fugere
1497,Fuselier
1498,Fusilier
1499,Gabe
1500,Gaboriault
1501,Gaboury
1502,Gadbois
1503,Gadoury
1504,Gagnard
1505,Gagne
1506,Gagner
1507,Gagnier
1508,Gagnon
1510,Gail
1511,Gal
1514,Galant
1515,Galarneau
1516,Galipeau
1517,Gall
1518,Galland
1519,Gallant
1520,Galle
1525,Gallet
1526,Gallien
1527,Gallier
1528,Gallion
1529,Gallipeau
1530,Galvin
1532,Gamache
1533,Gamelin
1534,Gamet
1535,Gammel
1536,Gano
1537,Ganoe
1538,Gant
1539,Garand
1540,Garant
1541,Garbin
1542,Garceau
1543,Garcelon
1544,Gard
1545,Garde
1546,Gardin
1547,Gardinier
1548,Gardon
1549,Gardy
1550,Gareau
1551,Gariepy
1552,Garis
1553,Garneau
1554,Garnier
1555,Garon
1557,Garone
1558,Garrant
1559,Garrard
1560,Garret
1562,Garris
1563,Garron
1564,Garson
1565,Gascon
1566,Gaspar
1567,Gaspard
1568,Gasque
1569,Gast
1570,Gastineau
1571,Gaston
1572,Gaubert
1573,Gaudet
1574,Gaudin
1575,Gaudreau
1576,Gaudreault
1577,Gaulin
1578,Gault
1579,Gaumond
1580,Gauthier
1581,Gautier
1582,Gautreau
1583,Gautreaux
1584,Gauvin
1585,Gauvreau
1586,Gavel
1587,Gavin
1588,Gayman
1589,Gaymon
1590,Gayton
1591,Ge
1592,Gedeon
1593,Gee
1594,Gelin
1595,Gelinas
1596,Gemme
1597,Gendreau
1598,Gendron
1601,Gene
1602,Genereux
1603,Genest
1604,Genet
1606,Geoffrion
1607,Geoffroy
1608,Georger
1609,Georges
1610,Gerdon
1611,Gereau
1612,Germain
1613,Germaine
1614,Germond
1615,Gerome
1616,Geron
1617,Gerou
1618,Gerould
1619,Geroux
1620,Gervais
1621,Gervin
1622,Gery
1623,Gettelfinger
1624,Ghrist
1625,Giard
1626,Gibeau
1627,Gibeault
1629,Gibel
1630,Gibert
1631,Giblin
1632,Gignac
1633,Giguere
1634,Gile
1635,Gille
1636,Gilles
1637,Gillet
1638,Gillette
1639,Gilliard
1640,Gillon
1641,Gilly
1642,Gilson
1643,Gimbert
1644,Gion
1645,Gionet
1646,Girard
1647,Girardeau
1648,Girardin
1649,Girardot
1650,Giraud
1651,Girod
1652,Giroir
1653,Giron
1654,Girouard
1655,Giroux
1656,Gladieux
1657,Gladin
1658,Gladu
1659,Gladue
1660,Glasson
1661,Glaude
1662,Gobeil
1663,Gobeille
1664,Gobel
1665,Gobin
1666,Godbout
1667,Goddu
1668,Godeaux
1671,Godin
1672,Goffin
1673,Goffinet
1674,Goin
1675,Golay
1676,Golphin
1677,Gombert
1678,Gonsoulin
1680,Gonthier
1681,Gordinier
1682,Gore
1683,Gorin
1684,Gort
1685,Goslin
1686,Gossard
1687,Gosselin
1688,Goubeaux
1689,Goudeau
1691,Gougeon
1694,Gouin
1695,Goulart
1696,Goulet
1697,Goupil
1698,Gourd
1699,Gourdin
1700,Gourdine
1701,Gourneau
1702,Goy
1703,Goyer
1704,Granat
1705,Grand
1706,Grandbois
1707,Grandchamp
1708,Grandin
1709,Grandjean
1710,Grandmaison
1711,Grandpre
1712,Graner
1713,Granier
1714,Gras
1715,Grasse
1716,Grate
1717,Grau
1718,Grave
1719,Gravel
1720,Graveline
1721,Gravelle
1722,Graves
1723,Gravois
1724,Gray
1725,Greaux
1726,Greff
1727,Gregoire
1728,Gregorie
1729,Grenier
1730,Grenon
1731,Grief
1732,Griffes
1733,Griffon
1734,Grignon
1735,Grilliot
1736,Grillot
1737,Grimard
1738,Grimaud
1739,Grise
1740,Grisez
1741,Groleau
1742,Grondin
1743,Gros
1744,Grosjean
1745,Groux
1746,Grue
1747,Gruel
1748,Grumet
1749,Guay
1751,Gue
1752,Guedry
1753,Guenin
1754,Guerard
1755,Guerin
1756,Guerrant
1757,Guerrier
1758,Guerry
1759,Guertin
1760,Guevin
1761,Guichard
1762,Guidry
1763,Guignard
1764,Guilbeau
1765,Guilbeault
1766,Guilbeaux
1767,Guilbert
1768,Guill
1769,Guillaume
1770,Guillemette
1771,Guillet
1772,Guillory
1773,Guillot
1774,Guilmette
1775,Guimond
1776,Guimont
1777,Guin
1778,Guinard
1779,Guindon
1780,Guion
1781,Guise
1782,Guite
1783,Guiton
1784,Gustave
1785,Gustine
1786,Guyot
1787,Guyton
1788,Hache
1789,Haim
1790,Hait
1791,Halbert
1792,Halle
1793,Halphen
1795,Ham
1796,Hamel
1797,Hamelin
1798,Han
1799,Hance
1800,Haran
1801,Harang
1802,Hardin
1803,Hare
1804,Harland
1805,Harle
1806,Harmel
1807,Harnois
1808,Haro
1809,Harpin
1810,Harry
1811,Hart
1812,Hartel
1813,Hasbrouck
1814,Hasson
1815,Hatton
1816,Hau
1817,Haubert
1819,Haury
1820,Haut
1821,Havel
1822,Havron
1823,Hay
1824,Haye
1825,Hayer
1826,Hayes
1827,Haymon
1828,Haymond
1829,Hazel
1830,Hebel
1831,Heber
1832,Hebert
1833,Heckle
1834,Hedin
1835,Helbert
1836,Helie
1838,Helin
1840,Hellard
1841,Hemming
1842,Hemond
1843,Henard
1844,Henault
1845,Henri
1846,Henrion
1847,Heon
1848,Herard
1849,Herbin
1850,Hermes
1851,Herold
1852,Heroux
1853,Herpin
1854,Herre
1855,Herrera
1856,Hetu
1857,Hilaire
1858,Hillard
1859,Hillier
1860,Hippe
1861,Hoger
1862,Hogue
1863,Holveck
1864,Homme
1865,Hommel
1866,Honore
1867,Hons
1868,Host
1869,Hotard
1870,Hotte
1871,Houde
1873,Houle
1875,Houlette
1877,Housel
1878,Houx
1879,Houy
1880,Houze
1881,Hu
1882,Huard
1885,Hubel
1886,Huberty
1887,Hudon
1888,Hue
1889,Huet
1890,Hugo
1891,Huguenin
1892,Huguet
1893,Hulet
1894,Hulett
1895,Hulette
1896,Hulin
1898,Humble
1899,Huot
1900,Huppe
1901,Huron
1904,Hurteau
1905,Huson
1906,Husson
1907,Hypolite
1908,Hyppolite
1909,Imbert
1910,Innocent
1911,Isabell
1912,Isabelle
1913,Isadore
1914,Issac
1915,Izard
1916,Jacot
1917,Jacquemin
1918,Jacques
1919,Jacquet
1920,Jacquin
1921,Jacquot
1922,Jadin
1923,Jaillet
1924,Jalbert
1925,Jandreau
1926,Janis
1927,Janvier
1928,Janvrin
1929,Jaquet
1930,Jaquette
1931,Jardin
1932,Jardon
1933,Jarnot
1934,Jarreau
1935,Jasmin
1936,Jasmine
1937,Jauquet
1938,Jean
1939,Jean-Baptiste
1940,Jean-Charles
1941,Jean-Jacques
1942,Jean-Louis
1943,Jean-Pierre
1944,Jeanfreau
1945,Jeanneret
1946,Jennette
1947,Jenrette
1948,Jerome
1949,Jesse
1950,Jeter
1951,Jette
1952,Jeune
1953,Jobin
1954,Joel
1955,Jolicoeur
1956,Jolie
1957,Jolin
1958,Jolivet
1959,Joly
1960,Jossart
1961,Josserand
1962,Joyal
1963,Juaire
1964,Jubert
1965,Jubinville
1966,Jude
1967,Juillerat
1968,Jules
1969,Julien
1970,Jumonville
1971,Juneau
1972,Junod
1973,Junot
1974,Jupin
1975,Just
1976,Justin
1977,Jutras
1978,Kay
1979,Kirouac
1980,La Tiolais
1981,Labar
1982,Labare
1983,Labarge
1984,Labarr
1985,Labarre
1986,Labbe
1987,Labbee
1988,Labby
1989,Labell
1990,Labelle
1991,Labiche
1992,Labit
1993,Labombard
1994,Labonte
1995,Laborde
1996,Labossiere
1998,Labove
1999,Labranche
2000,Labreche
2001,Labrecque
2002,Labrie
2003,Labrosse
2004,Labruyere
2005,Lacasse
2007,Lacelle
2008,Lacerte
2009,Lachance
2010,Lachapelle
2011,Lacharite
2013,Lachat
2016,Laclaire
2017,Lacombe
2018,Lacoss
2019,Lacosse
2020,Lacoste
2021,Lacour
2022,Lacourse
2023,Lacoursiere
2024,Lacouture
2025,Lacoy
2026,Lacroix
2027,Ladouceur
2028,Lafarge
2029,Lafary
2030,Laferriere
2031,Laffitte
2032,Lafitte
2033,Laflamme
2034,Lafleche
2035,Lafleur
2036,Lafollette
2037,Lafon
2038,Lafond
2039,Lafont
2040,Lafontaine
2041,Lafontant
2042,Laforce
2043,Laforest
2044,Laforge
2045,Lafortune
2046,Lafosse
2047,Lafoy
2048,Laframboise
2049,Lafrance
2050,Lafreniere
2051,Lafromboise
2052,Lagace
2053,Lagarde
2054,Lagasse
2055,Lage
2056,Lagesse
2057,Lagoy
2058,Lagrange
2059,Lagrave
2061,Lagree
2062,Lague
2064,Laguerre
2065,Lagueux
2066,Lahaie
2067,Lahaye
2068,Laine
2069,Lajeunesse
2070,Lajoie
2071,Lalande
2072,Lalanne
2073,Laliberte
2074,Laliberty
2075,Lalley
2076,Lallier
2077,Lally
2079,Lalonde
2080,Lalumiere
2081,Laluzerne
2082,Lamarche
2083,Lamarque
2085,Lamarre
2086,Lamer
2087,Lamere
2088,Lamey
2089,Lamirand
2090,Lamirande
2091,Lamon
2092,Lamond
2093,Lamont
2094,Lamontagne
2095,Lamore
2096,Lamoreaux
2097,Lamoree
2098,Lamoreux
2099,Lamothe
2100,Lamotte
2101,Lamour
2102,Lamoureaux
2103,Lamoureux
2104,Lampe
2105,Lamy
2106,Lance
2107,Lanclos
2108,Lancto
2109,Lanctot
2110,Lande
2111,Landes
2112,Landon
2113,Landreville
2114,Landry
2115,Landy
2116,Lange
2117,Langelier
2118,Langevin
2119,Langille
2120,Langin
2121,Langlais
2122,Langlois
2123,Lanier
2127,Lannoye
2128,Lanoue
2129,Lanouette
2130,Lanthier
2131,Lantier
2132,Lapage
2133,Lapalme
2134,Laperle
2135,Laperriere
2136,Lapeyrouse
2137,Lapierre
2138,Laplace
2139,Laplante
2140,Laplume
2141,Lapointe
2142,Laporte
2143,Laprairie
2145,Lapre
2146,Laprise
2147,Laramee
2148,Laramie
2149,Larche
2150,Larcher
2151,Lard
2152,Lardie
2153,Lardy
2154,Largent
2155,Larive
2156,Larivee
2157,Lariviere
2158,Laroche
2159,Larochelle
2160,Larock
2161,Larocque
2162,Laroque
2163,Larose
2164,Larouche
2165,Laroux
2166,Larrieu
2167,Larrivee
2168,Larue
2169,Lary
2171,Lasalle
2173,Lassalle
2174,Last
2175,Lasure
2176,Lataille
2177,Latendresse
2178,Latour
2179,Latourelle
2180,Latourette
2181,Laude
2182,Laur
2184,Laurain
2186,Laurence
2187,Laurendeau
2188,Laurent
2189,Laurie
2190,Laurin
2191,Laury
2192,Lausier
2193,Laut
2194,Lauve
2195,Lauzier
2196,Lauzon
2197,Lavalette
2198,Lavalle
2199,Lavallee
2201,Lavelle
2202,Lavene
2203,Laventure
2204,Laverdiere
2205,Laverdure
2206,Lavergne
2207,Laverne
2208,Lavertu
2209,Lavier
2210,Lavigne
2211,Laviolette
2212,Lavis
2213,Lavoie
2214,Lay
2215,Lazard
2216,Lazare
2217,Lazer
2219,Lebaron
2220,Lebeau
2221,Lebel
2222,Lebert
2223,Leblanc
2224,Lebleu
2225,Leblond
2226,Leboeuf
2227,Lebon
2228,Lebourgeois
2229,Lebreton
2230,Lebrun
2231,Leclair
2232,Leclerc
2233,Leclercq
2234,Leclere
2235,Lecocq
2236,Lecompte
2237,Lecomte
2238,Leconte
2239,Lecoq
2240,Lecuyer
2241,Ledoux
2242,Leduc
2243,Lefebre
2244,Lefebure
2245,Lefebvre
2246,Lefevre
2247,Leflore
2248,Lefort
2249,Lefrancois
2251,Legard
2252,Legare
2253,Legate
2254,Legault
2255,Lege
2256,Legendre
2257,Leger
2259,Legere
2260,Legnon
2261,Legrand
2262,Legrande
2263,Legros
2264,Lehouillier
2265,Leib
2266,Lejeune
2267,Leleux
2268,Lelievre
2269,Lemahieu
2270,Lemaire
2271,Lemaitre
2272,Lemar
2273,Lemarr
2274,Lemay
2275,Lemelle
2276,Lemer
2277,Lemery
2278,Lemieux
2279,Lemire
2280,Lemoi
2281,Lemoine
2282,Lemont
2283,Lenard
2284,Leneave
2285,Lenfestey
2286,Lenoir
2287,Leon
2288,Leopold
2289,Lepage
2290,Lepere
2291,Lepine
2292,Lepre
2293,Lequire
2294,Leray
2295,Leriche
2296,Leroux
2297,Leroy
2298,Lesage
2299,Lesane
2300,Lesesne
2301,Lesieur
2302,Lesperance
2303,Lessard
2304,Lestage
2305,Lestrange
2306,Lesueur
2307,Lesure
2308,Letellier
2309,Letendre
2310,Letourneau
2311,Leuck
2312,Leva
2313,Levan
2314,Levant
2315,Levasseur
2316,Leve
2317,Levee
2320,Leveille
2321,Levell
2322,Leveque
2323,Levert
2324,Levesque
2325,Levis
2327,Ley
2329,Leys
2330,Lheureux
2331,Lhommedieu
2332,Lhuillier
2333,Lia
2334,Liber
2335,Libert
2336,Lile
2337,Limoges
2340,Limon
2341,Linard
2343,Line
2344,Linger
2345,Linne
2346,Lion
2348,Liou
2349,Lirette
2350,Lis
2351,Litalien
2352,Livaudais
2353,Livernois
2354,Lizotte
2355,Lobel
2356,Loge
2358,Loges
2359,Loiseau
2360,Loisel
2361,Loiselle
2362,Lombard
2363,Longe
2365,Longpre
2366,Longtin
2367,Loranger
2368,Lord
2369,Lore
2370,Loree
2371,Lorette
2374,Lorge
2375,Lorio
2376,Lorrain
2377,Lorson
2378,Lortie
2379,Lory
2380,Losier
2381,Loth
2382,Loudin
2383,Louis
2384,Louise
2385,Louissaint
2386,Loup
2389,Loupe
2391,Louque
2392,Louvier
2393,Louviere
2394,Lovellette
2395,Lovette
2396,Loy
2397,Loyal
2398,Loye
2399,Loyer
2400,Lozier
2401,Lozon
2402,Lubin
2403,Luc
2405,Lucien
2406,Lucier
2407,Luneau
2408,Lupien
2409,Lusignan
2410,Lussier
2413,Lutz
2414,Lux
2415,Luzier
2416,Lye
2418,Mabey
2419,Mabile
2420,Mabon
2421,Mace
2422,Machin
2423,Macon
2426,Mader
2427,Madere
2428,Madore
2429,Maggi
2430,Magloire
2431,Magnan
2432,Magnin
2433,Magnon
2434,Maheu
2435,Maheux
2436,Mahieu
2437,Mahin
2438,Mahon
2439,Mailhot
2440,Maillard
2442,Maille
2443,Maillet
2445,Mainard
2446,Maine
2447,Mainville
2448,Maire
2450,Maisel
2451,Maison
2452,Maisonet
2453,Maisonneuve
2454,Maitre
2455,Malan
2456,Malay
2457,Malboeuf
2458,Malenfant
2459,Malette
2460,Malin
2461,Maline
2462,Malle
2463,Mallery
2464,Mallet
2468,Mally
2469,Malo
2470,Malon
2473,Maltais
2474,Malveaux
2475,Man
2476,Manasse
2477,Maneval
2478,Mange
2479,Mangin
2480,Manier
2483,Manigault
2484,Manis
2485,Manne
2486,Mannon
2487,Manon
2488,Manseau
2489,Manville
2490,Many
2491,Maple
2492,Maran
2493,Maranville
2494,Marc
2495,Marcantel
2496,Marceau
2497,Marceaux
2498,Marcel
2499,Marcelin
2500,Marcelle
2501,Marchal
2502,Marchan
2503,Marchand
2504,Marchessault
2505,Marcil
2506,Marcille
2507,Marcin
2508,Marck
2509,Marcon
2510,Marcott
2511,Marcotte
2513,Marcou
2514,Marcoux
2515,Mare
2516,Maret
2517,Marez
2518,Marie
2520,Marien
2522,Marier
2523,Marin
2524,Marine
2525,Marineau
2526,Marion
2527,Marlette
2528,Marois
2529,Maron
2531,Marotte
2532,Marquand
2533,Marquette
2534,Marquis
2535,Marre
2536,Marron
2537,Mars
2541,Marsan
2542,Marson
2543,Martelle
2544,Martie
2545,Martine
2546,Martineau
2547,Martinet
2548,Martiny
2549,Martsolf
2550,Mary
2551,Maschino
2552,Mason
2553,Massar
2554,Massart
2555,Masse
2558,Masson
2560,Mastin
2561,Mate
2562,Matey
2563,Mathe
2564,Mathes
2565,Mathey
2566,Mathia
2567,Mathias
2568,Mathie
2569,Mathieu
2570,Mathurin
2571,Mathy
2572,Matis
2573,Matthieu
2574,Matton
2575,Maturin
2576,Mauger
2577,Maupin
2578,Maurice
2579,Maury
2580,Maute
2581,Mauter
2582,Mauthe
2583,Maxim
2584,May
2585,Mayeaux
2586,Mayen
2587,Mayette
2588,Mayne
2589,Mayon
2590,Maze
2593,Mazon
2594,Mazure
2595,Meas
2596,Meaux
2597,Meche
2598,Medine
2599,Mee
2600,Meilleur
2601,Melancon
2602,Mele
2603,Melin
2605,Meline
2606,Melle
2608,Mellette
2610,Melsheimer
2611,Menard
2612,Mentor
2613,Meny
2614,Mercure
2615,Mercy
2617,Merillat
2618,Merry
2620,Merson
2621,Mertel
2622,Mery
2624,Meserve
2625,Meservey
2626,Mesnard
2627,Messier
2628,Mest
2629,Mestayer
2630,Metayer
2631,Metellus
2632,Methot
2633,Metivier
2634,Metoyer
2635,Mette
2636,Meunier
2637,Meuret
2638,Meyette
2640,Michaud
2641,Michaux
2642,Micheau
2643,Michel
2644,Michelin
2645,Michelle
2646,Michon
2647,Midgette
2648,Miele
2649,Mignon
2650,Mignone
2651,Miland
2652,Milbert
2653,Millard
2654,Mille
2655,Millet
2657,Millien
2658,Million
2659,Millon
2660,Milon
2661,Milord
2662,Milot
2663,Minard
2664,Mince
2665,Minchin
2666,Mineau
2667,Minette
2668,Minion
2669,Minor
2670,Minot
2672,Mion
2673,Mir
2674,Mire
2675,Miron
2676,Modeste
2677,Modisette
2678,Moffet
2679,Moise
2680,Molaison
2681,Mole
2682,Moline
2684,Mollard
2685,Molle
2686,Mollere
2687,Mollet
2689,Mollett
2690,Mollette
2691,Molleur
2692,Molyneux
2693,Monast
2694,Monat
2695,Monceaux
2696,Mondesir
2697,Mondor
2698,Mondragon
2699,Mondry
2700,Monet
2701,Monette
2702,Monfils
2703,Monfort
2704,Monge
2705,Mongeau
2706,Mongeon
2707,Mongrain
2708,Monie
2709,Monier
2710,Monin
2711,Moniot
2712,Monnier
2714,Monnin
2715,Monnot
2716,Mons
2717,Monsour
2718,Montagne
2719,Montet
2720,Montfort
2721,Montigny
2722,Montminy
2723,Montpetit
2724,Montplaisir
2725,Montreuil
2726,Montroy
2727,Monty
2728,Monville
2729,Moquin
2730,Morace
2731,Morain
2732,Morand
2734,Morant
2735,Moranville
2736,More
2739,Moreau
2740,Moree
2741,Morel
2742,Morency
2743,Moret
2744,Moreton
2745,Morice
2746,Moris
2747,Morisette
2748,Morneau
2749,Morneault
2750,Moron
2752,Mort
2753,Mortier
2755,Morton
2756,Morvan
2758,Mory
2760,Mote
2761,Motel
2762,Motte
2763,Moulin
2764,Moulis
2765,Mourey
2767,Mousseau
2768,Mouton
2769,Mouzon
2770,Moy
2771,Moye
2772,Mule
2773,Munier
2774,Muns
2775,Mura
2776,Murat
2777,Murch
2778,Muse
2779,Musel
2780,Musson
2783,Nadeau
2784,Nadon
2785,Nageotte
2787,Naillon
2788,Napoleon
2789,Naquin
2790,Narcisse
2791,Nard
2792,Nardin
2793,Nason
2794,Natalie
2795,Nate
2796,Nau
2798,Naud
2799,Nault
2800,Navarre
2801,Naves
2802,Nay
2803,Neault
2804,Neuville
2805,Neve
2806,Nevers
2807,Neveu
2808,Nez
2809,Nezat
2810,Nicole
2811,Nicolet
2812,Nicolette
2813,Nixon
2814,Nobert
2815,Nodine
2816,Noland
2817,Nolet
2818,Nolette
2819,Nolin
2820,Nolle
2821,Nolton
2822,Norman
2823,Normand
2824,Normandeau
2825,Normandin
2826,Notte
2827,Noury
2830,Noyer
2831,Nys
2832,Obie
2833,Obier
2835,Oge
2836,Ogier
2837,Olin
2838,Olive
2839,Olivier
2840,Omer
2841,Oran
2842,Orand
2843,Orange
2844,Orban
2845,Organ
2846,Oriol
2847,Oris
2849,Orleans
2850,Orme
2851,Orne
2852,Orvin
2853,Ory
2854,Osier
2855,Ostheimer
2856,Ostiguy
2857,Otter
2858,Ouimet
2859,Ours
2861,Oury
2862,Oyer
2863,Ozanne
2864,Pageau
2865,Pagel
2866,Paille
2867,Painchaud
2868,Palange
2869,Palen
2870,Paley
2871,Palin
2872,Panneton
2873,Pannier
2875,Papa
2876,Papin
2877,Papineau
2878,Paquet
2879,Paquette
2881,Paquin
2882,Paradis
2885,Parde
2886,Pare
2887,Parenteau
2888,Paret
2889,Parfait
2890,Paris
2892,Pariseau
2893,Parisien
2894,Parisot
2895,Parlier
2896,Parmentier
2897,Parquette
2898,Parran
2899,Parris
2900,Parrot
2902,Partee
2903,Pascal
2904,Pascale
2905,Paschal
2906,Paseur
2907,Passe
2908,Pate
2909,Patenaude
2910,Patrie
2911,Patry
2912,Paty
2913,Paule
2914,Paulhus
2915,Pauline
2916,Pauly
2917,Pay
2918,Payant
2919,Paye
2921,Payer
2922,Payeur
2923,Payment
2924,Payseur
2925,Pean
2926,Pechin
2927,Pelissier
2928,Pelland
2929,Pelle
2930,Pellegrin
2931,Pellerin
2932,Pelletier
2933,Pellissier
2934,Peloquin
2935,Pelotte
2936,Peltier
2937,Pepin
2938,Perault
2939,Percle
2940,Perel
2941,Perilloux
2942,Perin
2943,Perine
2944,Perot
2945,Perras
2946,Perrault
2947,Perreault
2948,Perrenoud
2949,Perret
2950,Perrier
2951,Perro
2952,Perrodin
2953,Perron
2954,Perrot
2955,Perrott
2956,Perrotte
2957,Persin
2959,Person
2960,Pertuit
2961,Perusse
2962,Pessin
2963,Petit
2964,Petite
2965,Petitjean
2966,Petre
2967,Petrin
2968,Petron
2969,Pett
2970,Phaneuf
2971,Phenicie
2972,Phenis
2973,Philemon
2974,Philen
2975,Philibert
2976,Philippe
2977,Philippon
2978,Phillippe
2979,Picard
2981,Piche
2982,Pichon
2986,Picon
2987,Picot
2988,Picou
2989,Pierre
2991,Pierre-Louis
2992,Pierron
2993,Piet
2994,Pigeon
2995,Pigue
2996,Pilat
2997,Pile
2998,Pille
2999,Pillot
3000,Pilon
3001,Pilotte
3002,Pin
3003,Pinard
3004,Pinault
3005,Pineau
3006,Pinet
3007,Pinsonneault
3008,Pinter
3009,Pion
3010,Pique
3011,Pitre
3013,Pittard
3014,Place
3017,Plaisance
3020,Plamondon
3021,Plant
3022,Plante
3023,Plantier
3024,Plasse
3025,Platte
3026,Pleau
3027,Plouff
3028,Plouffe
3029,Plourde
3030,Plue
3031,Ply
3032,Poche
3033,Poire
3034,Poirier
3035,Poirot
3036,Poissant
3037,Poisson
3038,Poitras
3039,Poley
3040,Poli
3041,Polin
3042,Polite
3043,Pollet
3044,Polley
3045,Polly
3046,Polus
3047,Pommier
3048,Poncelet
3049,Pons
3050,Pontbriand
3051,Ponthieux
3052,Pontier
3053,Porche
3054,Porcher
3055,Pore
3056,Porte
3057,Portier
3058,Posson
3059,Pothier
3060,Poudrier
3061,Poulin
3062,Pouliot
3063,Poullard
3064,Poupard
3065,Poupart
3066,Pourciau
3067,Pousson
3068,Poutre
3069,Poyer
3070,Prairie
3071,Precourt
3072,Pree
3073,Prefontaine
3074,Prejean
3075,Present
3076,Presson
3077,Prevatt
3078,Prevatte
3079,Prevett
3080,Prevette
3081,Prevost
3082,Prevot
3083,Prey
3084,Prieur
3085,Prim
3087,Prime
3088,Primeaux
3089,Prioleau
3090,Prive
3091,Privett
3092,Privette
3093,Privitt
3094,Privott
3095,Proby
3096,Pronovost
3097,Prophete
3098,Proulx
3099,Prout
3100,Provance
3101,Proveaux
3102,Provencal
3103,Provence
3104,Provencher
3105,Provost
3106,Prudhomme
3107,Prueitt
3108,Pruet
3109,Pruett
3110,Pruette
3111,Pruiett
3112,Pruit
3113,Pruitt
3114,Pruneau
3115,Prunier
3116,Purifoy
3117,Pusey
3118,Quaranta
3119,Quay
3120,Quebedeaux
3121,Quebodeaux
3122,Quenneville
3123,Quesnel
3124,Quesnell
3125,Quin
3126,Quine
3127,Quint
3128,Quintin
3129,Quirin
3130,Raba
3131,Rabin
3132,Raboin
3133,Raby
3134,Rachel
3135,Racicot
3136,Racine
3137,Ragon
3138,Raiche
3139,Raimond
3140,Rainier
3141,Rainville
3142,Ramage
3143,Rambin
3144,Rambo
3145,Ramel
3146,Ramey
3147,Ramus
3148,Rancourt
3149,Randa
3150,Randel
3151,Range
3152,Ranger
3153,Ranson
3154,Rappe
3155,Raque
3157,Raquet
3158,Ras
3159,Ravel
3160,Ravenel
3162,Ravenelle
3163,Ray
3164,Rayer
3165,Raymon
3166,Rayne
3167,Rayon
3169,Re
3170,Real
3172,Reau
3173,Reaume
3174,Reaux
3175,Rebel
3176,Rebert
3177,Record
3178,Regimbal
3179,Regis
3181,Regnier
3182,Reinagel
3183,Reinard
3184,Reine
3185,Reiner
3186,Reinier
3187,Rembert
3188,Remillard
3189,Remy
3190,Renard
3191,Renaud
3192,Renault
3193,Rene
3194,Reneau
3195,Rener
3196,Renier
3197,Renville
3198,Resseguie
3199,Revel
3201,Revere
3202,Reville
3203,Reymond
3204,Reynaud
3205,Rhone
3206,Riblet
3207,Riche
3208,Richoux
3209,Ricord
3210,Rideau
3211,Rieb
3212,Riendeau
3213,Rigaud
3214,Rion
3215,Riopel
3216,Riopelle
3217,Rioux
3218,Rison
3219,Rivard
3220,Riveron
3221,Rives
3222,Rivest
3223,Rivet
3224,Rivett
3225,Rivette
3226,Riviere
3227,Robarge
3228,Robe
3229,Roberge
3232,Robichaud
3233,Robichaux
3234,Robicheau
3235,Robicheaux
3236,Robideau
3237,Robideaux
3238,Robidoux
3239,Robillard
3240,Robinett
3241,Rochat
3242,Roche
3243,Rochefort
3244,Rochelle
3245,Rochette
3246,Rochon
3247,Rodin
3248,Rodrigue
3249,Roelle
3250,Rogier
3251,Rohan
3252,Roland
3253,Romain
3254,Romaine
3255,Rome
3256,Rondeau
3257,Roquet
3258,Rosier
3259,Rosin
3260,Rosselle
3261,Rossier
3262,Rossignol
3263,Rossin
3264,Rottier
3267,Roueche
3268,Rougeau
3269,Rougeux
3270,Rouillard
3271,Rouland
3272,Rouleau
3273,Roulhac
3274,Roulier
3275,Rous
3276,Rousse
3277,Rousseau
3278,Roussel
3279,Roussell
3280,Rousselle
3281,Roussey
3282,Roussin
3283,Route
3284,Routhier
3285,Roux
3286,Roy
3287,Royer
3288,Rubin
3289,Ruby
3290,Rue
3291,Ruelle
3292,Rutan
3293,Sabat
3294,Sable
3296,Sabot
3297,Sacre
3298,Sade
3300,Sagan
3301,Sager
3302,Sain
3303,Saindon
3304,Saladin
3305,Salamy
3306,Salber
3307,Sale
3308,Salem
3309,Sales
3310,Salin
3311,Saline
3312,Salle
3314,Salles
3315,Salois
3316,Salone
3317,Salvage
3318,Salvant
3319,Sand
3320,Sandel
3321,Sandoz
3322,Sansouci
3323,Sansoucie
3324,Sansoucy
3325,Santer
3326,Santerre
3327,Sara
3328,Sarasin
3329,Sarazen
3330,Sarazin
3331,Sarchet
3332,Sarles
3333,Sarrazin
3334,Sartin
3335,Sartor
3336,Sas
3337,Sasse
3338,Sasseville
3339,Satin
3340,Saucier
3341,Saulnier
3342,Sault
3343,Saunier
3344,Saur
3345,Sauvage
3346,Sauvageau
3347,Sauve
3348,Savant
3349,Savard
3352,Savel
3353,Savoie
3354,Sayer
3355,Selin
3356,Selle
3357,Sellier
3358,Senecal
3359,Senechal
3360,Senegal
3361,Senesac
3362,Senne
3364,Sens
3366,Sequin
3367,Serene
3368,Serge
3370,Serie
3371,Serlin
3372,Serpe
3373,Servais
3374,Servant
3375,Servin
3376,Sette
3377,Setton
3378,Severe
3379,Severin
3380,Sevy
3381,Shaller
3382,Sibille
3383,Sicard
3384,Sicotte
3385,Sigur
3386,Simar
3387,Simard
3388,Simeon
3389,Simien
3390,Simoneau
3391,Simoneaux
3392,Simonet
3393,Simonin
3394,Sion
3395,Sirois
3396,Siron
3397,Six
3399,Soisson
3400,Solon
3401,Songy
3402,Sonia
3403,Sonnier
3404,Sopher
3405,Sorel
3406,Sorelle
3407,Sorin
3408,Soucy
3409,Souder
3410,Soule
3411,Soules
3412,Soulier
3414,Souliere
3415,Soulliere
3416,Spenard
3417,Spoo
3418,St. Amand
3419,St. Amant
3420,St. Amour
3421,St. Andre
3422,St. Ange
3423,St. Angel
3424,St. Ann
3425,St. Aubin
3426,St. Charles
3427,St. Clair
3428,St. Claire
3429,St. Croix
3430,St. Cyr
3431,St. Denis
3432,St. Fleur
3433,St. Gelais
3434,St. George
3435,St. Germain
3436,St. Germaine
3437,St. Hilaire
3438,St. Jacques
3439,St. Jean
3440,St. Julien
3441,St. Laurent
3442,St. Louis
3443,St. Marie
3444,St. Martin
3445,St. Onge
3446,St. Ores
3447,St. Ours
3448,St. Pierre
3449,St. Rock
3450,St. Romain
3451,St. Sauveur
3452,St. Vincent
3453,Ste. Marie
3454,Steve
3455,Strong
3456,Sublette
3457,Suire
3458,Sully
3459,Surette
3460,Surgeon
3461,Surprenant
3462,Surrette
3463,Sylvain
3464,Sylvestre
3465,Tache
3466,Taillon
3467,Talbert
3468,Tally
3469,Tanguay
3470,Tape
3471,Tardy
3472,Tarin
3473,Tarte
3474,Tassin
3475,Tauzin
3476,Tavel
3478,Tavernier
3479,Tebeau
3480,Tellier
3481,Templet
3482,Templin
3483,Terres
3484,Terrien
3485,Tessier
3486,Tesson
3487,Teston
3488,Tetreault
3489,Tetu
3490,Theard
3491,Thebeau
3492,Theberge
3493,Theil
3494,Thelin
3495,Theodore
3496,Theriault
3497,Therien
3498,Therrian
3499,Therrien
3500,Thevenin
3501,Thevenot
3502,Thibadeau
3503,Thibaudeau
3504,Thibault
3505,Thibaut
3506,Thibeau
3507,Thibeault
3508,Thibeaux
3509,Thibert
3510,Thibodaux
3511,Thibodeau
3512,Thibodeaux
3513,Thiboutot
3514,Thiebaud
3515,Thierry
3516,Thiers
3517,Thiery
3518,Thill
3519,Thirion
3520,Thiry
3521,Thomassie
3522,Thome
3523,Thomure
3524,Thore
3526,Thorell
3527,Tiger
3528,Tison
3529,Tissot
3530,Tite
3531,Tolbert
3532,Tolin
3533,Tondreau
3534,Totin
3535,Touchet
3536,Toulouse
3537,Toupin
3538,Toups
3539,Tourangeau
3540,Tourdot
3541,Tourigny
3542,Tourtellotte
3543,Tourville
3544,Tousignant
3545,Toussaint
3546,Toutant
3547,Toy
3548,Toye
3550,Trame
3551,Traver
3552,Traverse
3553,Tremblay
3554,Tremble
3555,Trembly
3556,Tremont
3557,Trempe
3558,Trenchard
3559,Trepagnier
3560,Trepanier
3561,Trial
3562,Tribolet
3563,Triche
3564,Trimbach
3565,Trimbur
3566,Trinque
3567,Trivette
3568,Trojan
3569,Tron
3570,Tronson
3571,Trottier
3572,Troy
3573,Truchon
3574,Trudeau
3575,Trudel
3576,Tuel
3577,Tullier
3578,Tune
3579,Turbin
3580,Turcotte
3581,Turenne
3582,Turin
3584,Turmel
3585,Tustin
3586,Urbain
3587,Urben
3588,Urbin
3589,Ury
3590,Vachon
3591,Vadeboncoeur
3592,Vadnais
3593,Vaillancourt
3594,Vaillant
3595,Valade
3596,Valcourt
3597,Valentin
3598,Valery
3599,Valin
3600,Valiquette
3601,Valleau
3602,Vallee
3603,Valleroy
3604,Vallery
3605,Vallet
3607,Vallette
3608,Vallier
3609,Valliere
3610,Vallieres
3611,Vallin
3612,Vallot
3613,Valois
3614,Vanier
3615,Vannier
3616,Varin
3617,Varon
3618,Vasseur
3619,Vastine
3620,Vautour
3621,Vautrin
3622,Vaux
3623,Veilleux
3624,Veillon
3625,Venier
3626,Vennard
3627,Vercher
3628,Verdin
3629,Verdon
3630,Verduin
3631,Verdun
3632,Verkler
3633,Verley
3634,Verne
3635,Vernier
3638,Vernon
3639,Veron
3640,Verret
3641,Verrette
3642,Vertefeuille
3643,Verville
3644,Via
3645,Viau
3646,Vibert
3647,Victor
3648,Victoria
3649,Victorian
3650,Victorine
3651,Vien
3652,Vieux
3653,Vigeant
3654,Viger
3655,Vigneau
3657,Vigneault
3659,Vignes
3660,Villemarette
3661,Villeneuve
3662,Villere
3663,Villines
3664,Vincelette
3665,Vinet
3666,Violet
3667,Violett
3668,Violette
3669,Vires
3670,Virkler
3671,Visage
3672,Vital
3673,Viverette
3674,Vivier
3675,Voisard
3676,Voisine
3678,Voland
3679,Voyer
3680,Wack
3681,Wagnon
3682,Willet
3683,Williquette
3684,Wion
3685,Yon
3686,Yount
3687,Zay
